#{"t_start": 1771238590.3450012, "env_id": null}
r,l,t
-6.2,25,8.019707
9.7,25,8.028539
-6.0,25,8.036628
14.6,25,8.044921
2.2,25,8.053548
1.9,25,8.061915
5.4,25,8.070238
1.0,25,8.078349
-5.8,25,8.08664
8.1,25,8.095506
-5.4,25,8.104324
6.3,25,8.115712
5.1,25,8.12484
-5.6,25,8.134755
-6.2,25,8.143102
4.1,25,8.151787
6.3,25,8.160584
4.1,25,8.169503
8.6,25,8.178215
0.0,25,8.187239
8.5,25,9.660619
6.8,25,9.671021
0.9,25,9.681342
8.5,25,9.690007
-6.2,25,9.698187
14.9,25,9.706697
0.0,25,9.715114
8.5,25,9.724361
-6.2,25,9.732543
-3.8,25,9.741895
9.8,25,9.75054
2.8,25,9.759054
-6.6,25,9.767392
4.0,25,9.775598
-6.0,25,9.783749
10.5,25,9.791904
6.9,25,9.800434
10.4,25,9.809044
-6.0,25,9.817309
0.9,25,9.825438
5.4,25,10.958151
9.5,25,10.971004
-3.4,25,10.980023
-6.4,25,10.988836
3.7,25,10.997683
-6.0,25,11.006487
-5.8,25,11.015221
7.2,25,11.024081
16.9,25,11.033177
15.8,25,11.04171
-6.0,25,11.050405
-5.4,25,11.059157
-5.6,25,11.067712
16.7,25,11.076111
-5.4,25,11.084373
10.5,25,11.092704
7.6,25,11.101114
1.0,25,11.109526
-6.0,25,11.118324
9.5,25,11.127223
-5.8,25,11.135612
-5.8,25,11.47826
-6.2,25,11.488016
9.6,25,11.496391
8.5,25,11.5052
9.4,25,11.513927
7.6,25,11.522828
15.0,25,11.531508
-3.8,25,11.540354
12.7,25,11.549186
6.3,25,11.559052
6.3,25,11.568481
-5.6,25,11.578088
14.0,25,11.587793
9.4,25,11.597129
9.7,25,11.606242
10.7,25,11.615498
-6.2,25,11.62474
10.4,25,11.634639
-3.2,25,11.643756
9.5,25,11.653275
-6.6,25,11.91882
-6.0,25,11.93071
10.0,25,11.940347
-5.8,25,11.950712
2.8,25,11.95907
-1.0,25,11.967384
-5.6,25,11.975408
12.3,25,11.984057
16.7,25,11.992485
13.4,25,12.001564
-5.8,25,12.009865
12.7,25,12.018358
-6.0,25,12.026604
12.6,25,12.035267
0.4,25,12.043661
-1.2,25,12.052288
-5.6,25,12.060648
2.2,25,12.06905
16.6,25,12.07769
4.4,25,12.086199
-6.2,25,12.09478
9.5,25,12.477395
11.8,25,12.487686
9.2,25,12.496688
8.6,25,12.507308
-5.4,25,12.517574
1.0,25,12.526974
-6.0,25,12.536138
-6.2,25,12.545114
-4.2,25,12.554083
13.6,25,12.56354
8.2,25,12.572603
14.9,25,12.581915
10.4,25,12.590778
12.6,25,12.599896
14.9,25,12.609134
10.4,25,12.625997
11.9,25,12.63464
10.8,25,12.643363
11.3,25,12.651913
8.2,25,12.66023
14.9,25,12.924338
10.0,25,12.935629
2.6,25,12.947472
16.7,25,12.956881
11.2,25,12.967056
15.8,25,12.975842
11.6,25,12.984433
4.2,25,12.993119
9.5,25,13.001543
13.2,25,13.010905
-2.8,25,13.019562
-6.0,25,13.028737
16.7,25,13.03784
4.4,25,13.046665
19.1,25,13.055662
11.4,25,13.064092
-6.2,25,13.072618
12.5,25,13.08111
-6.2,25,13.089408
-6.4,25,13.097438
7.1,25,13.1057
-6.2,25,13.399896
19.0,25,13.409928
14.9,25,13.418735
8.2,25,13.42711
14.5,25,13.435812
13.6,25,13.445077
13.6,25,13.455645
10.0,25,13.464935
8.6,25,13.47348
11.5,25,13.482118
7.2,25,13.490527
14.9,25,13.499971
-0.8,25,13.508135
-5.8,25,13.517033
6.4,25,13.525217
7.2,25,13.533683
14.9,25,13.542186
11.4,25,13.550389
-6.4,25,13.558544
15.4,25,13.566873
-6.4,25,13.934641
17.1,25,13.947494
11.0,25,13.958524
-3.0,25,13.968991
10.4,25,13.977539
17.2,25,13.986262
12.2,25,13.994962
11.3,25,14.003416
13.0,25,14.012108
15.7,25,14.020757
13.5,25,14.029738
15.8,25,14.038808
-6.4,25,14.047421
-6.0,25,14.055892
11.2,25,14.064461
14.8,25,14.073294
19.0,25,14.082206
13.0,25,14.090885
17.1,25,14.09963
-6.6,25,14.108126
14.5,25,14.116541
11.3,25,14.412433
17.1,25,14.422194
17.0,25,14.43109
10.0,25,14.44032
19.1,25,14.449458
13.9,25,14.461394
8.6,25,14.473888
15.4,25,14.483558
16.3,25,14.492467
19.1,25,14.501434
16.5,25,14.510647
8.6,25,14.51958
-6.2,25,14.528019
-6.0,25,14.536972
16.7,25,14.546147
12.2,25,14.555778
15.1,25,14.565127
14.8,25,14.574126
7.3,25,14.583337
14.8,25,14.591872
8.2,25,14.863358
15.5,25,14.874461
15.8,25,14.883859
15.6,25,14.892799
20.4,25,14.902046
-6.6,25,14.910709
17.0,25,14.919429
14.8,25,14.928152
-6.2,25,14.936463
11.3,25,14.945044
-6.2,25,14.953263
14.8,25,14.963711
14.2,25,14.973685
20.0,25,14.982322
-6.2,25,14.990536
-6.6,25,14.998909
5.9,25,15.008289
14.5,25,15.018402
17.0,25,15.029233
10.4,25,15.048278
17.9,25,15.060259
17.7,25,15.51375
13.2,25,15.52519
18.0,25,15.534914
14.0,25,15.545428
11.3,25,15.555089
6.0,25,15.564117
12.7,25,15.57325
9.1,25,15.582155
6.1,25,15.590987
-6.2,25,15.599315
12.5,25,15.608175
21.9,25,15.616604
10.1,25,15.625348
21.8,25,15.633908
-6.6,25,15.642417
11.3,25,15.651245
20.2,25,15.659776
20.2,25,15.668445
10.4,25,15.67694
12.2,25,15.685529
14.5,25,15.992504
7.2,25,16.006213
11.4,25,16.016349
5.9,25,16.02673
16.6,25,16.036223
18.8,25,16.04759
12.5,25,16.057632
15.3,25,16.066854
18.1,25,16.076066
-6.6,25,16.084992
10.7,25,16.094206
18.2,25,16.103438
12.5,25,16.112691
12.8,25,16.121511
11.4,25,16.130609
15.9,25,16.139293
18.0,25,16.150177
17.9,25,16.16111
-6.6,25,16.170325
13.5,25,16.181907
20.9,25,16.191749
24.4,25,16.46408
11.3,25,16.475043
21.0,25,16.484823
16.8,25,16.496706
20.8,25,16.506324
15.3,25,16.516127
21.2,25,16.525584
17.8,25,16.534588
2.0,25,16.544056
19.0,25,16.553678
24.5,25,16.563381
22.1,25,16.572563
17.4,25,16.582451
20.3,25,16.591685
15.8,25,16.600938
21.2,25,16.610142
21.2,25,16.619885
6.4,25,16.628989
-6.4,25,16.638159
4.4,25,16.647627
20.8,25,16.946686
13.6,25,16.958148
15.5,25,16.966954
16.4,25,16.978575
-6.6,25,16.9876
22.1,25,16.996638
-6.6,25,17.007062
13.5,25,17.015998
19.7,25,17.025758
16.5,25,17.03472
22.1,25,17.045312
20.3,25,17.056921
15.7,25,17.066307
21.9,25,17.075697
15.8,25,17.084316
22.2,25,17.092898
22.2,25,17.103141
18.9,25,17.112377
20.9,25,17.12306
18.0,25,17.13726
18.0,25,17.150621
12.3,25,17.430435
18.3,25,17.441954
9.0,25,17.452103
14.8,25,17.462348
21.9,25,17.471787
14.8,25,17.48293
19.1,25,17.492208
18.9,25,17.501449
15.5,25,17.510716
19.9,25,17.519853
13.5,25,17.528409
18.4,25,17.537146
21.4,25,17.545936
-6.6,25,17.554038
15.7,25,17.5626
20.2,25,17.571154
18.7,25,17.579633
16.8,25,17.588128
21.0,25,17.596444
22.0,25,17.60499
12.4,25,17.895628
26.3,25,17.906763
20.0,25,17.915403
24.1,25,17.924702
12.3,25,17.933642
21.8,25,17.942937
19.9,25,17.951665
21.3,25,17.960194
15.8,25,17.970932
-6.6,25,17.980606
19.6,25,17.989649
14.6,25,17.998382
23.5,25,18.006847
20.9,25,18.015672
13.6,25,18.024648
15.4,25,18.033614
16.8,25,18.043216
16.4,25,18.052046
21.2,25,18.060844
20.9,25,18.069778
18.7,25,18.079794
24.2,25,18.456413
24.4,25,18.46603
26.3,25,18.475755
18.1,25,18.485658
14.5,25,18.495766
20.8,25,18.505075
20.9,25,18.514147
26.7,25,18.629414
22.9,25,18.652234
16.4,25,18.661255
17.7,25,18.669592
17.7,25,18.678195
21.0,25,18.68656
25.4,25,18.69523
21.4,25,18.703582
21.3,25,18.712346
23.5,25,18.720643
22.2,25,18.729901
23.1,25,18.739156
21.9,25,18.749692
-6.6,25,19.032238
19.5,25,19.042897
20.9,25,19.051949
18.6,25,19.060854
15.5,25,19.069856
20.9,25,19.078768
15.0,25,19.087977
15.9,25,19.09626
24.1,25,19.104995
16.7,25,19.113609
15.8,25,19.122293
25.7,25,19.131735
20.9,25,19.140931
21.9,25,19.150401
24.1,25,19.160514
24.1,25,19.169593
18.7,25,19.178628
-0.2,25,19.187294
23.1,25,19.196242
16.4,25,19.205035
21.5,25,19.213859
23.0,25,19.480572
18.6,25,19.490298
24.0,25,19.501447
23.2,25,19.51415
24.0,25,19.523778
18.0,25,19.53338
21.9,25,19.5426
25.0,25,19.55145
21.0,25,19.560808
27.7,25,19.569558
18.0,25,19.578613
20.6,25,19.58731
23.1,25,19.596608
24.8,25,19.605313
24.1,25,19.614947
20.8,25,19.624688
15.4,25,19.634402
24.0,25,19.643676
26.6,25,19.652857
24.2,25,19.662086
27.3,25,19.938807
25.5,25,19.949453
18.6,25,19.95836
20.0,25,19.967295
-6.6,25,19.975237
26.9,25,19.983957
22.5,25,19.993808
23.2,25,20.003248
-6.6,25,20.011719
24.1,25,20.020676
24.3,25,20.029686
24.3,25,20.038332
15.4,25,20.048089
25.3,25,20.056719
17.4,25,20.065338
25.4,25,20.07388
24.1,25,20.082671
8.4,25,20.091381
20.8,25,20.100655
23.2,25,20.109425
23.1,25,20.118141
27.3,25,20.412302
22.7,25,20.421602
25.0,25,20.43059
27.6,25,20.439056
22.1,25,20.448249
19.9,25,20.457487
20.8,25,20.466234
-6.6,25,20.474982
22.5,25,20.48611
27.2,25,20.495118
24.0,25,20.505908
19.1,25,20.514602
24.9,25,20.523377
21.1,25,20.531995
19.9,25,20.540848
23.8,25,20.54988
23.9,25,20.558756
23.1,25,20.567717
17.9,25,20.576405
21.0,25,20.585559
27.9,25,20.849206
23.1,25,20.860315
26.1,25,20.870319
25.5,25,20.880166
26.3,25,20.889173
22.9,25,20.897631
23.8,25,20.906133
23.0,25,20.914619
24.0,25,20.923157
21.1,25,20.931521
22.1,25,20.93997
22.2,25,20.948544
-6.6,25,20.956852
21.8,25,20.965318
22.1,25,20.974046
28.9,25,20.9826
20.2,25,20.991251
24.1,25,20.999905
21.0,25,21.012343
26.3,25,21.020857
21.8,25,21.029289
24.4,25,21.339613
21.8,25,21.349097
20.9,25,21.357523
25.1,25,21.367615
23.1,25,21.377927
20.9,25,21.386407
23.0,25,21.395571
22.2,25,21.405328
24.9,25,21.413598
24.0,25,21.422235
21.0,25,21.432585
21.7,25,21.440767
20.0,25,21.449193
24.1,25,21.457377
23.1,25,21.465881
25.2,25,21.474596
22.8,25,21.483287
16.4,25,21.491518
23.0,25,21.500359
18.2,25,21.509862
25.9,25,21.783809
21.3,25,21.79397
21.8,25,21.802678
22.2,25,21.812083
21.9,25,21.822308
24.1,25,21.832167
23.2,25,21.842013
22.2,25,21.850837
27.3,25,21.85978
22.0,25,21.873519
24.3,25,21.882174
25.5,25,21.8905
27.2,25,21.89876
25.4,25,21.90709
19.9,25,21.915171
24.0,25,21.923796
20.8,25,21.932016
24.3,25,21.940621
18.6,25,21.948958
20.9,25,21.95737
21.9,25,21.965722
25.4,25,22.374312
17.8,25,22.384245
25.2,25,22.393246
25.1,25,22.402713
23.1,25,22.412113
22.5,25,22.421122
23.1,25,22.430282
23.0,25,22.439597
26.0,25,22.448504
20.2,25,22.456933
23.9,25,22.465417
22.2,25,22.4738
24.1,25,22.482155
22.8,25,22.490605
-0.2,25,22.498782
27.4,25,22.507723
20.9,25,22.517983
24.0,25,22.526686
26.3,25,22.535203
25.1,25,22.544074
-3.4,25,22.819259
28.3,25,22.829628
25.3,25,22.838278
21.8,25,22.846677
27.6,25,22.855256
25.0,25,22.863603
21.9,25,22.87205
16.7,25,22.880355
27.3,25,22.888943
16.2,25,22.897199
27.3,25,22.905619
24.0,25,22.913896
19.7,25,22.929187
25.0,25,22.937522
18.7,25,22.946149
25.3,25,22.954541
25.1,25,22.96298
26.0,25,22.971222
26.3,25,22.979603
17.8,25,22.988053
26.1,25,23.297283
-3.4,25,23.308349
23.4,25,23.317109
18.6,25,23.325521
21.9,25,23.333925
23.1,25,23.342699
17.0,25,23.351336
22.9,25,23.360042
24.7,25,23.368521
25.1,25,23.377953
23.8,25,23.386487
23.0,25,23.396248
16.7,25,23.405396
22.8,25,23.41397
26.6,25,23.422723
26.3,25,23.431306
20.0,25,23.440106
20.6,25,23.448693
20.5,25,23.457506
22.0,25,23.466238
22.7,25,23.474767
23.2,25,23.725464
28.6,25,23.735456
27.0,25,23.743777
18.7,25,23.752277
26.9,25,23.760834
26.3,25,23.770134
18.6,25,23.779224
17.7,25,23.78826
27.3,25,23.798579
25.1,25,23.807237
14.5,25,23.816331
22.8,25,23.824813
24.1,25,23.833582
24.0,25,23.842059
17.7,25,23.85137
22.8,25,23.859741
29.2,25,23.868572
22.8,25,23.877521
20.9,25,23.885793
23.1,25,23.894049
25.3,25,24.197407
24.2,25,24.209396
18.6,25,24.21796
18.5,25,24.226815
18.9,25,24.234921
22.1,25,24.243601
27.6,25,24.252061
25.3,25,24.260592
26.0,25,24.270827
27.3,25,24.283441
21.8,25,24.292711
21.1,25,24.301306
18.3,25,24.310195
24.1,25,24.319195
23.5,25,24.327555
24.4,25,24.335947
9.6,25,24.344158
20.0,25,24.352469
26.3,25,24.361512
25.0,25,24.37021
21.8,25,24.378817
25.1,25,24.653696
27.3,25,24.664508
26.9,25,24.673074
23.1,25,24.681628
29.2,25,24.68995
23.2,25,24.698678
24.1,25,24.707176
24.2,25,24.716073
25.4,25,24.725131
25.4,25,24.733897
28.4,25,24.742529
25.3,25,24.750957
28.3,25,24.759644
29.3,25,24.768464
25.0,25,24.779715
25.4,25,24.791459
30.2,25,24.799937
24.1,25,24.808832
23.7,25,24.817586
27.0,25,24.826306
18.8,25,25.105239
27.1,25,25.117002
25.0,25,25.125976
27.2,25,25.1343
19.9,25,25.145191
23.8,25,25.154087
23.1,25,25.162503
26.3,25,25.171115
25.3,25,25.179699
23.2,25,25.188313
24.1,25,25.196795
26.0,25,25.205698
20.8,25,25.214458
24.9,25,25.223258
25.0,25,25.232603
26.3,25,25.241739
23.0,25,25.250452
24.3,25,25.259301
30.6,25,25.270838
27.3,25,25.28595
29.4,25,25.296631
24.1,25,25.56532
27.2,25,25.575582
26.4,25,25.584363
17.6,25,25.592859
30.2,25,25.601601
29.6,25,25.610485
25.4,25,25.619163
28.3,25,25.62822
26.0,25,25.63679
27.3,25,25.645885
23.1,25,25.654296
27.3,25,25.663859
26.3,25,25.672437
28.0,25,25.68232
23.2,25,25.691163
25.3,25,25.699599
23.8,25,25.708401
23.7,25,25.717067
25.3,25,25.726137
25.0,25,25.735089
25.2,25,25.980884
25.1,25,25.991755
24.0,25,26.000214
26.3,25,26.008929
30.3,25,26.017508
22.2,25,26.026428
29.3,25,26.035978
26.7,25,26.047586
27.6,25,26.058594
27.3,25,26.06764
27.4,25,26.076687
28.7,25,26.085991
22.8,25,26.09475
25.1,25,26.103679
25.0,25,26.112209
28.6,25,26.121094
25.3,25,26.129742
27.3,25,26.138675
21.9,25,26.147628
25.4,25,26.156361
24.0,25,26.165295
21.8,25,26.482705
23.1,25,26.493203
25.3,25,26.502766
28.3,25,26.51202
26.4,25,26.521858
28.3,25,26.532375
27.3,25,26.544138
27.3,25,26.553829
28.2,25,26.562804
24.4,25,26.571206
22.8,25,26.580472
28.3,25,26.589882
22.9,25,26.598795
25.4,25,26.608588
24.9,25,26.617707
28.3,25,26.62639
24.1,25,26.634722
27.9,25,26.64303
18.9,25,26.651222
27.3,25,26.660438
25.3,25,27.023704
27.3,25,27.035291
24.1,25,27.045025
26.1,25,27.057194
27.6,25,27.06683
28.6,25,27.075999
21.8,25,27.086148
24.0,25,27.095844
17.0,25,27.104918
-6.6,25,27.113528
23.8,25,27.122481
25.3,25,27.130833
22.8,25,27.14175
24.1,25,27.150332
27.2,25,27.159131
26.3,25,27.167607
21.0,25,27.176614
-6.6,25,27.184708
25.1,25,27.193181
25.1,25,27.201412
21.8,25,27.209909
26.2,25,27.51231
21.8,25,27.522331
25.0,25,27.531419
21.0,25,27.540737
29.2,25,27.550206
26.3,25,27.560632
26.2,25,27.569938
29.6,25,27.578356
27.4,25,27.586838
26.0,25,27.595513
23.7,25,27.604315
25.3,25,27.612863
29.3,25,27.621559
24.4,25,27.630003
26.1,25,27.638606
25.1,25,27.647237
26.7,25,27.655937
26.3,25,27.664695
26.3,25,27.673333
27.3,25,27.682112
23.1,25,28.055549
24.1,25,28.066775
19.6,25,28.077665
26.9,25,28.086737
26.3,25,28.095672
23.1,25,28.105497
18.7,25,28.114349
23.8,25,28.123344
26.1,25,28.13247
28.2,25,28.141646
29.2,25,28.150371
25.3,25,28.158962
27.3,25,28.168126
29.6,25,28.176796
25.0,25,28.185393
25.1,25,28.193941
27.1,25,28.20268
25.4,25,28.211314
29.3,25,28.220012
31.6,25,28.228755
28.3,25,28.237864
27.3,25,28.523975
23.8,25,28.533511
28.0,25,28.542136
22.9,25,28.551478
26.2,25,28.560815
28.3,25,28.570996
27.2,25,28.579705
24.2,25,28.588354
29.3,25,28.597243
20.9,25,28.606063
26.1,25,28.615106
25.4,25,28.623851
25.0,25,28.632689
27.0,25,28.641699
30.6,25,28.65025
28.6,25,28.6592
23.1,25,28.668067
26.4,25,28.677441
25.1,25,28.686051
25.0,25,28.694626
26.0,25,28.965321
26.1,25,28.976161
25.0,25,28.985478
29.2,25,28.994511
-6.4,25,29.003234
-6.6,25,29.012016
28.6,25,29.021118
28.3,25,29.030005
25.3,25,29.038651
24.0,25,29.047129
31.2,25,29.056037
28.3,25,29.064624
30.6,25,29.073376
27.4,25,29.082
25.0,25,29.090985
26.3,25,29.099785
27.9,25,29.108501
28.2,25,29.117414
26.1,25,29.126283
26.3,25,29.135054
30.3,25,29.144681
22.7,25,29.45833
29.6,25,29.467506
28.3,25,29.476058
31.6,25,29.484756
28.3,25,29.49351
26.4,25,29.502285
26.3,25,29.510957
26.1,25,29.520139
26.1,25,29.528841
26.1,25,29.53749
25.1,25,29.546109
25.0,25,29.554774
25.0,25,29.563901
23.4,25,29.575177
26.1,25,29.584497
26.1,25,29.593009
25.1,25,29.601831
26.1,25,29.610362
-6.6,25,29.618273
26.3,25,29.626741
25.1,25,29.898791
27.0,25,29.910183
27.0,25,29.918849
26.0,25,29.92761
29.3,25,29.936495
23.0,25,29.944887
25.0,25,29.953745
23.1,25,29.962224
27.0,25,29.97098
27.4,25,29.97919
26.6,25,29.98848
28.3,25,29.997195
22.8,25,30.005775
26.0,25,30.014304
27.3,25,30.02255
27.6,25,30.031371
26.3,25,30.03988
26.3,25,30.048638
22.8,25,30.057233
30.2,25,30.065852
26.0,25,30.074586
24.1,25,30.4893
28.3,25,30.499099
25.4,25,30.508271
29.3,25,30.517412
27.6,25,30.526506
23.0,25,30.535823
-0.2,25,30.544747
29.3,25,30.553975
26.4,25,30.563387
27.2,25,30.572474
30.3,25,30.582369
26.0,25,30.590745
27.2,25,30.599287
27.2,25,30.60807
26.3,25,30.616804
24.1,25,30.625403
28.0,25,30.633835
25.3,25,30.642273
26.0,25,30.651099
26.0,25,30.659675
27.0,25,31.046772
23.8,25,31.058698
28.2,25,31.068678
26.0,25,31.079078
16.0,25,31.090273
27.3,25,31.100065
26.0,25,31.109772
21.0,25,31.119735
26.2,25,31.128907
26.0,25,31.138064
27.3,25,31.14866
26.0,25,31.160571
22.1,25,31.172093
24.3,25,31.182747
28.2,25,31.191405
27.4,25,31.201094
27.3,25,31.211702
28.3,25,31.22189
29.3,25,31.231324
24.0,25,31.241833
28.1,25,31.25167
28.3,25,31.553694
27.3,25,31.563565
28.6,25,31.57282
25.0,25,31.582782
30.3,25,31.594706
28.2,25,31.604374
17.7,25,31.613283
27.9,25,31.622296
26.3,25,31.631284
26.3,25,31.639697
26.3,25,31.648229
26.1,25,31.656693
29.6,25,31.665109
28.9,25,31.673682
22.4,25,31.682246
25.0,25,31.690933
29.3,25,31.702032
26.6,25,31.716766
30.3,25,31.725103
27.3,25,31.733978
27.3,25,32.003751
26.4,25,32.014222
22.8,25,32.022468
28.3,25,32.031787
23.8,25,32.041184
25.1,25,32.050468
27.0,25,32.05934
27.0,25,32.069044
27.0,25,32.078814
27.2,25,32.089575
25.0,25,32.098316
28.3,25,32.106948
30.2,25,32.115796
28.0,25,32.124594
26.3,25,32.133182
27.4,25,32.142119
25.0,25,32.15212
29.3,25,32.161437
26.0,25,32.17237
21.8,25,32.181049
26.3,25,32.190157
28.3,25,32.472726
28.2,25,32.483006
25.3,25,32.492352
30.2,25,32.501293
25.3,25,32.510443
30.6,25,32.519505
27.2,25,32.528721
25.0,25,32.538009
31.3,25,32.547105
25.4,25,32.555622
27.3,25,32.564178
27.3,25,32.572623
30.2,25,32.58141
27.3,25,32.590472
23.1,25,32.601065
28.3,25,32.609612
22.4,25,32.618173
26.9,25,32.626809
25.1,25,32.636093
23.1,25,32.644788
26.4,25,32.934593
27.2,25,32.945864
29.6,25,32.954508
28.3,25,32.963647
27.2,25,32.972155
27.3,25,32.981662
25.3,25,32.990745
23.1,25,32.999854
26.4,25,33.008847
28.3,25,33.017476
28.3,25,33.026083
22.8,25,33.034477
23.1,25,33.043127
25.0,25,33.051422
25.3,25,33.060086
23.4,25,33.068617
22.8,25,33.077605
27.0,25,33.086296
29.2,25,33.095844
24.1,25,33.105929
27.3,25,33.114631
-6.6,25,33.488215
27.3,25,33.497702
29.3,25,33.506739
25.9,25,33.515775
28.2,25,33.524912
23.7,25,33.53416
25.3,25,33.543221
28.2,25,33.551686
25.0,25,33.560208
31.2,25,33.568999
29.2,25,33.577737
26.0,25,33.58655
30.6,25,33.598208
27.4,25,33.60779
29.2,25,33.616364
23.1,25,33.625665
28.3,25,33.634316
25.0,25,33.643173
29.2,25,33.651514
29.2,25,33.660255
29.4,25,33.941194
27.1,25,33.951272
25.3,25,33.9616
29.3,25,33.971483
24.0,25,33.981018
28.3,25,33.990329
24.1,25,33.999508
25.1,25,34.007966
25.3,25,34.017373
25.3,25,34.026363
26.0,25,34.036047
28.2,25,34.045721
22.8,25,34.054967
21.0,25,34.06341
27.6,25,34.072002
25.0,25,34.081462
27.0,25,34.090406
28.3,25,34.100503
25.0,25,34.111633
27.3,25,34.121276
25.3,25,34.131155
28.2,25,34.542149
26.3,25,34.551393
26.2,25,34.56052
27.3,25,34.569659
21.8,25,34.57872
26.3,25,34.587906
26.1,25,34.597052
28.3,25,34.606027
27.0,25,34.61568
28.3,25,34.624213
25.0,25,34.632929
28.6,25,34.641519
25.4,25,34.650334
26.0,25,34.658914
29.3,25,34.667535
30.2,25,34.676374
29.6,25,34.685295
26.0,25,34.693916
29.3,25,34.702641
29.3,25,34.711186
26.0,25,34.985089
28.3,25,34.996204
26.3,25,35.006153
27.3,25,35.016233
27.2,25,35.025955
31.6,25,35.034921
27.6,25,35.043514
27.3,25,35.051881
25.1,25,35.060374
27.3,25,35.069089
29.3,25,35.077478
25.0,25,35.085825
26.0,25,35.09484
27.2,25,35.103829
26.3,25,35.116494
24.1,25,35.125351
30.2,25,35.133761
30.2,25,35.142078
26.3,25,35.152066
27.3,25,35.161317
25.1,25,35.437337
29.6,25,35.449354
28.2,25,35.458088
28.3,25,35.466289
27.0,25,35.475172
27.6,25,35.483617
27.3,25,35.492371
22.1,25,35.50128
28.6,25,35.509848
30.3,25,35.518958
30.2,25,35.527741
25.6,25,35.536664
27.2,25,35.545363
30.3,25,35.554035
28.3,25,35.562701
27.2,25,35.572164
27.3,25,35.581194
28.2,25,35.590052
27.2,25,35.599039
27.3,25,35.609729
29.2,25,35.624545
26.0,25,35.880799
26.3,25,35.891142
25.0,25,35.900074
27.2,25,35.91009
26.0,25,35.918811
27.3,25,35.927924
27.6,25,35.936589
30.2,25,35.945624
26.3,25,35.954224
28.6,25,35.963113
26.3,25,35.974055
29.2,25,35.988931
29.6,25,36.00325
27.3,25,36.017063
27.1,25,36.03107
28.3,25,36.04504
28.3,25,36.059605
25.0,25,36.072025
24.0,25,36.082574
26.9,25,36.091748
29.3,25,36.398414
27.2,25,36.409995
31.2,25,36.422727
26.6,25,36.432179
27.3,25,36.442387
25.3,25,36.452513
28.6,25,36.461908
27.0,25,36.472363
26.3,25,36.482299
29.3,25,36.491458
26.3,25,36.501988
29.6,25,36.510924
24.3,25,36.519995
27.2,25,36.528725
28.2,25,36.538431
27.4,25,36.547518
28.3,25,36.556626
26.3,25,36.565453
28.3,25,36.573891
28.2,25,36.582488
27.2,25,36.591596
27.2,25,36.851895
24.0,25,36.863038
24.1,25,36.872571
27.3,25,36.885201
27.0,25,36.89754
29.2,25,36.906195
26.3,25,36.914647
31.2,25,36.923656
25.9,25,36.932378
26.0,25,36.941392
20.6,25,36.949971
29.3,25,36.959385
29.6,25,36.968533
29.2,25,36.977552
29.3,25,36.98638
25.3,25,36.995868
26.2,25,37.00534
29.6,25,37.013771
26.1,25,37.022478
28.2,25,37.031285
28.7,25,37.51074
29.2,25,37.522783
28.3,25,37.536869
29.2,25,37.546099
26.4,25,37.555304
23.3,25,37.56439
29.3,25,37.573726
29.6,25,37.582416
30.2,25,37.591202
26.4,25,37.600819
28.0,25,37.610534
30.6,25,37.620286
25.2,25,37.629237
27.9,25,37.638421
28.3,25,37.648528
25.2,25,37.657164
28.6,25,37.666008
29.6,25,37.674411
29.6,25,37.684209
27.3,25,37.693153
29.6,25,37.702718
23.0,25,37.976931
29.2,25,37.987068
25.7,25,37.996029
28.2,25,38.00454
29.2,25,38.013177
26.0,25,38.0217
-6.6,25,38.032195
26.2,25,38.040583
27.0,25,38.05084
26.2,25,38.059378
27.3,25,38.067885
23.4,25,38.076579
32.6,25,38.085172
26.6,25,38.094033
29.2,25,38.102476
28.2,25,38.111395
28.2,25,38.12014
30.2,25,38.129248
29.2,25,38.138955
29.3,25,38.147983
27.3,25,38.455491
29.2,25,38.467808
28.2,25,38.476447
27.3,25,38.485574
26.4,25,38.495169
30.2,25,38.505042
24.1,25,38.513602
29.2,25,38.522471
28.2,25,38.531529
29.3,25,38.540872
28.2,25,38.550052
30.2,25,38.55996
30.2,25,38.568774
28.3,25,38.577411
28.2,25,38.585736
28.2,25,38.59497
25.0,25,38.603625
30.2,25,38.611975
28.2,25,38.620456
28.6,25,38.629073
28.2,25,38.637311
27.2,25,38.886119
26.6,25,38.897612
30.2,25,38.9075
27.6,25,38.918235
28.2,25,38.930743
27.3,25,38.944194
31.6,25,38.953961
27.2,25,38.962501
29.6,25,38.970674
25.0,25,38.979087
29.2,25,38.987545
24.0,25,38.996247
29.2,25,39.006035
27.0,25,39.019363
28.4,25,39.02767
30.2,25,39.036338
28.2,25,39.045135
27.0,25,39.053496
25.4,25,39.061798
28.3,25,39.070263
25.3,25,39.361002
28.2,25,39.372217
25.0,25,39.380943
26.6,25,39.389526
27.2,25,39.400125
29.3,25,39.41078
28.2,25,39.419582
25.0,25,39.428211
30.2,25,39.436725
28.2,25,39.44558
23.9,25,39.453967
25.4,25,39.462475
28.2,25,39.47093
26.2,25,39.479506
29.2,25,39.487761
27.3,25,39.496503
28.6,25,39.505436
27.6,25,39.51453
27.4,25,39.523119
26.7,25,39.531324
27.6,25,39.540153
27.3,25,39.96053
23.1,25,39.970408
30.2,25,39.979661
26.3,25,39.988691
25.3,25,39.99783
26.3,25,40.006806
27.3,25,40.016023
28.2,25,40.025317
26.3,25,40.034321
27.2,25,40.044263
26.3,25,40.053056
26.2,25,40.063041
25.3,25,40.073926
28.3,25,40.083414
30.2,25,40.092909
28.3,25,40.101252
25.9,25,40.110031
30.2,25,40.118742
32.3,25,40.127163
28.3,25,40.135753
26.3,25,40.441951
25.0,25,40.453149
28.3,25,40.462054
26.3,25,40.470914
29.2,25,40.479214
26.4,25,40.487654
27.2,25,40.496007
31.2,25,40.50441
27.9,25,40.514772
31.2,25,40.523338
24.4,25,40.531997
23.3,25,40.541241
30.2,25,40.551061
29.2,25,40.559441
29.2,25,40.567602
29.2,25,40.576325
25.2,25,40.584627
30.2,25,40.592831
27.2,25,40.601277
27.2,25,40.609694
27.6,25,40.617982
29.3,25,40.881947
27.0,25,40.891387
24.0,25,40.900063
24.0,25,40.911136
27.3,25,40.923307
28.3,25,40.931675
25.2,25,40.940479
30.2,25,40.949487
28.3,25,40.95807
27.3,25,40.966327
24.9,25,40.975516
27.2,25,40.984435
28.2,25,40.993629
28.2,25,41.002082
27.7,25,41.010859
27.6,25,41.020856
25.3,25,41.029545
27.2,25,41.038358
27.3,25,41.048229
29.6,25,41.058242
26.3,25,41.448041
29.2,25,41.459778
28.6,25,41.469009
28.6,25,41.478232
26.2,25,41.487374
31.6,25,41.496396
27.3,25,41.505555
29.2,25,41.514533
25.0,25,41.524025
22.0,25,41.532536
30.3,25,41.541363
25.0,25,41.550917
27.2,25,41.560039
28.2,25,41.568917
30.6,25,41.577381
25.3,25,41.586073
28.2,25,41.594632
28.2,25,41.603367
30.6,25,41.611835
24.3,25,41.620439
28.2,25,41.629284
27.3,25,41.883459
27.3,25,41.892629
26.2,25,41.901463
26.3,25,41.910837
27.0,25,41.92023
27.3,25,41.930736
31.2,25,41.939432
28.3,25,41.948384
28.3,25,41.95711
26.6,25,41.965929
27.2,25,41.97445
27.3,25,41.983244
26.3,25,41.991727
30.6,25,41.999887
29.2,25,42.00861
29.2,25,42.01712
26.1,25,42.027061
31.6,25,42.035812
27.2,25,42.04446
29.3,25,42.053158
25.4,25,42.476666
27.2,25,42.487699
30.2,25,42.498436
30.3,25,42.507672
28.2,25,42.517095
26.2,25,42.526513
29.2,25,42.536419
29.2,25,42.545871
22.1,25,42.5546
26.2,25,42.564226
27.3,25,42.572709
30.3,25,42.581223
24.0,25,42.589667
27.6,25,42.598206
25.3,25,42.607104
29.6,25,42.616857
27.2,25,42.626582
27.3,25,42.635429
29.3,25,42.644591
26.6,25,42.653078
30.2,25,42.662019
24.4,25,42.911302
27.3,25,42.921007
31.2,25,42.930179
28.6,25,42.939939
25.9,25,42.949157
29.2,25,42.957813
27.9,25,42.966395
26.6,25,42.975137
25.3,25,42.983829
28.3,25,42.992449
27.2,25,43.001528
27.6,25,43.010337
26.2,25,43.019027
30.2,25,43.027534
29.3,25,43.036747
27.0,25,43.045513
26.2,25,43.054365
28.3,25,43.062935
27.3,25,43.072011
31.2,25,43.080593
27.2,25,43.472932
29.6,25,43.483856
27.2,25,43.493132
25.2,25,43.502169
27.0,25,43.511278
23.1,25,43.520347
29.2,25,43.529507
27.2,25,43.538781
26.6,25,43.5474
26.0,25,43.556125
32.6,25,43.564513
28.2,25,43.573527
28.6,25,43.582184
24.0,25,43.59122
28.2,25,43.599849
29.2,25,43.608463
25.1,25,43.617251
29.3,25,43.625795
24.1,25,43.634383
28.3,25,43.643045
28.2,25,43.651718
28.2,25,43.908165
27.0,25,43.917926
31.2,25,43.927438
23.0,25,43.936469
31.6,25,43.946343
28.3,25,43.954987
29.2,25,43.96355
27.3,25,43.972285
26.2,25,43.980948
27.3,25,43.989714
29.3,25,43.998402
30.2,25,44.007009
26.4,25,44.015664
26.3,25,44.024239
27.3,25,44.033268
24.7,25,44.041798
28.3,25,44.050726
24.8,25,44.059397
25.3,25,44.068317
29.2,25,44.076985
31.2,25,44.373468
26.3,25,44.384233
29.2,25,44.393052
32.2,25,44.402138
24.1,25,44.411507
31.2,25,44.421267
27.0,25,44.434162
29.2,25,44.444374
27.2,25,44.452686
24.3,25,44.461068
24.2,25,44.469746
25.0,25,44.478151
26.2,25,44.487488
27.3,25,44.496139
28.2,25,44.505447
29.6,25,44.513932
27.3,25,44.522705
22.1,25,44.531332
23.3,25,44.540354
25.0,25,44.548667
28.2,25,44.557431
25.3,25,44.854533
30.2,25,44.863626
28.3,25,44.872725
27.6,25,44.881114
28.6,25,44.889676
27.3,25,44.898281
28.2,25,44.906633
22.1,25,44.915228
29.7,25,44.92424
24.4,25,44.9354
26.2,25,44.948131
23.1,25,44.958397
28.2,25,44.967306
28.2,25,44.975537
28.2,25,44.9842
23.3,25,44.992918
24.0,25,45.001492
29.2,25,45.009939
28.2,25,45.018222
28.2,25,45.02654
28.2,25,45.319533
26.3,25,45.330316
27.3,25,45.339539
28.2,25,45.347967
28.2,25,45.356442
30.2,25,45.364701
25.4,25,45.373067
28.2,25,45.381428
26.3,25,45.389918
28.4,25,45.398368
27.3,25,45.406967
29.2,25,45.415533
-6.6,25,45.424559
25.3,25,45.434145
29.2,25,45.444996
23.3,25,45.453471
27.2,25,45.461862
30.2,25,45.470445
29.2,25,45.478835
28.6,25,45.487225
27.6,25,45.495475
23.3,25,45.766513
26.4,25,45.776358
27.3,25,45.785213
26.3,25,45.793521
27.2,25,45.802192
26.3,25,45.810443
29.2,25,45.818912
30.2,25,45.827157
26.0,25,45.835805
28.3,25,45.844127
29.6,25,45.852883
26.2,25,45.861367
24.3,25,45.869763
28.6,25,45.878402
30.6,25,45.887044
28.2,25,45.895425
26.2,25,45.904027
28.2,25,45.912659
28.3,25,45.922512
29.2,25,45.931814
28.6,25,46.218708
25.0,25,46.230086
32.2,25,46.24059
26.6,25,46.249513
25.3,25,46.26034
25.3,25,46.26956
29.6,25,46.278879
30.6,25,46.287826
26.3,25,46.296362
28.2,25,46.305639
27.2,25,46.314603
27.3,25,46.324473
28.2,25,46.333798
28.2,25,46.343333
26.3,25,46.353229
32.2,25,46.36304
25.2,25,46.372547
28.3,25,46.385702
26.6,25,46.394022
26.0,25,46.402394
27.3,25,46.410591
28.6,25,46.661154
24.3,25,46.670181
28.2,25,46.678653
27.2,25,46.687665
28.2,25,46.697016
28.2,25,46.705667
28.2,25,46.715552
25.3,25,46.723996
23.1,25,46.73265
26.9,25,46.741163
28.3,25,46.749664
29.2,25,46.758904
27.2,25,46.776511
26.2,25,46.785454
28.3,25,46.794396
30.2,25,46.803412
28.2,25,46.811838
27.3,25,46.820169
28.3,25,46.828752
23.1,25,46.838878
27.3,25,47.109926
27.2,25,47.120251
24.0,25,47.129307
25.1,25,47.138232
30.2,25,47.146771
26.6,25,47.156143
27.3,25,47.164738
29.2,25,47.173359
25.2,25,47.186313
28.3,25,47.196303
29.6,25,47.211099
23.4,25,47.220734
24.4,25,47.229276
27.2,25,47.238127
25.0,25,47.247453
28.6,25,47.255981
31.2,25,47.2645
29.6,25,47.273081
29.2,25,47.282064
28.2,25,47.292705
27.3,25,47.677763
28.2,25,47.689224
26.9,25,47.699037
28.2,25,47.711199
25.2,25,47.721066
30.6,25,47.730319
29.4,25,47.741299
23.8,25,47.750743
26.4,25,47.760329
28.2,25,47.769178
27.2,25,47.777801
27.3,25,47.788565
27.3,25,47.797423
29.2,25,47.806617
29.2,25,47.815221
28.4,25,47.823696
28.6,25,47.832117
27.6,25,47.840388
29.2,25,47.853896
30.3,25,47.865622
24.3,25,47.873999
28.6,25,48.161474
26.2,25,48.172635
26.2,25,48.184377
27.2,25,48.193888
28.2,25,48.205648
27.3,25,48.215778
28.3,25,48.225121
27.3,25,48.233953
28.2,25,48.242732
29.6,25,48.251275
25.4,25,48.259881
28.2,25,48.268186
23.4,25,48.276738
27.3,25,48.285515
26.0,25,48.293799
31.6,25,48.301916
24.3,25,48.310386
28.2,25,48.319038
26.4,25,48.328548
25.3,25,48.336833
28.2,25,48.608861
27.3,25,48.623018
22.1,25,48.631382
28.6,25,48.639704
29.3,25,48.648502
26.1,25,48.657943
29.6,25,48.668274
26.2,25,48.678842
31.2,25,48.688644
27.2,25,48.697592
31.2,25,48.706294
26.0,25,48.717602
30.2,25,48.730263
25.4,25,48.739675
29.2,25,48.749113
26.6,25,48.759181
28.2,25,48.769875
27.2,25,48.780902
26.6,25,48.791353
28.2,25,48.802791
28.2,25,48.812064
27.3,25,49.091465
27.2,25,49.101385
28.6,25,49.109871
25.3,25,49.118534
31.6,25,49.127167
28.2,25,49.135874
31.2,25,49.144515
26.3,25,49.153178
31.2,25,49.16194
24.4,25,49.170651
29.2,25,49.180546
26.3,25,49.19286
23.0,25,49.205837
28.2,25,49.215093
27.2,25,49.224145
25.0,25,49.234282
29.6,25,49.24327
30.2,25,49.252115
24.3,25,49.26065
24.2,25,49.26946
29.2,25,49.5867
31.2,25,49.598622
24.0,25,49.607508
25.3,25,49.61632
27.2,25,49.624601
30.6,25,49.633041
29.3,25,49.641722
27.3,25,49.650284
29.3,25,49.658863
28.2,25,49.667579
26.2,25,49.676136
29.2,25,49.6849
29.2,25,49.693611
25.2,25,49.704492
27.0,25,49.716458
28.2,25,49.728894
26.2,25,49.739258
29.2,25,49.748478
28.6,25,49.759055
27.2,25,49.767365
26.3,25,49.775604
28.2,25,50.044886
29.2,25,50.055687
28.6,25,50.064712
27.2,25,50.074188
29.2,25,50.08272
27.3,25,50.091329
30.2,25,50.09995
28.2,25,50.108548
26.3,25,50.117243
29.2,25,50.126698
28.6,25,50.135587
27.3,25,50.145386
28.3,25,50.154131
28.2,25,50.16282
28.2,25,50.171907
27.6,25,50.181758
25.4,25,50.193463
30.2,25,50.20814
31.2,25,50.218046
26.0,25,50.228238
26.2,25,50.521214
29.2,25,50.533775
30.2,25,50.543903
22.4,25,50.554403
29.2,25,50.563141
27.2,25,50.571563
25.3,25,50.58153
28.3,25,50.590439
31.2,25,50.599333
28.2,25,50.607784
26.6,25,50.616326
28.2,25,50.625137
28.3,25,50.634363
28.2,25,50.642945
28.6,25,50.651565
29.2,25,50.660439
31.2,25,50.66892
28.6,25,50.677575
29.2,25,50.686023
28.2,25,50.695515
27.3,25,50.706039
23.4,25,50.96252
29.2,25,50.972269
28.3,25,50.982607
25.6,25,50.992032
28.2,25,51.001365
24.3,25,51.011925
27.2,25,51.020379
26.6,25,51.029033
25.3,25,51.037677
26.3,25,51.046298
27.3,25,51.055166
24.6,25,51.063695
30.6,25,51.072711
25.0,25,51.081096
30.2,25,51.089557
27.6,25,51.097951
27.2,25,51.106418
26.2,25,51.114726
28.2,25,51.123219
28.2,25,51.13404
29.6,25,51.445618
29.2,25,51.45646
27.2,25,51.465742
25.3,25,51.474729
30.2,25,51.484227
26.2,25,51.495012
28.2,25,51.504156
27.6,25,51.513341
25.3,25,51.522563
30.2,25,51.531534
27.2,25,51.539898
24.1,25,51.548421
26.3,25,51.557021
26.3,25,51.56588
30.2,25,51.574613
25.3,25,51.584422
24.4,25,51.593847
29.2,25,51.603062
26.3,25,51.611727
26.3,25,51.62016
26.0,25,51.629173
29.2,25,51.900505
29.2,25,51.910235
30.6,25,51.919387
29.2,25,51.928134
28.2,25,51.936797
27.3,25,51.945475
29.3,25,51.954082
25.2,25,51.962753
29.3,25,51.971389
23.0,25,51.980528
26.3,25,51.989308
26.2,25,51.999631
25.2,25,52.008216
29.2,25,52.01695
23.1,25,52.025357
29.2,25,52.034128
29.2,25,52.042864
28.6,25,52.051452
28.2,25,52.061016
31.2,25,52.06943
26.3,25,52.365214
23.3,25,52.376093
27.2,25,52.385284
26.2,25,52.394637
27.3,25,52.403737
26.2,25,52.413114
26.0,25,52.422465
28.2,25,52.43124
27.2,25,52.439732
31.2,25,52.448103
29.2,25,52.45685
30.3,25,52.465405
27.3,25,52.473929
30.3,25,52.482406
29.2,25,52.491533
30.2,25,52.501494
27.2,25,52.510536
27.9,25,52.519243
28.2,25,52.527801
29.2,25,52.536496
29.2,25,52.545221
26.6,25,52.81756
27.3,25,52.827015
29.2,25,52.835475
29.6,25,52.843825
29.2,25,52.852416
25.0,25,52.861104
25.2,25,52.869708
26.3,25,52.878468
30.2,25,52.88708
28.2,25,52.895753
30.2,25,52.904355
28.2,25,52.913174
27.2,25,52.921652
27.2,25,52.930287
29.3,25,52.938811
25.2,25,52.947446
26.2,25,52.955964
26.3,25,52.964649
28.3,25,52.973197
27.3,25,52.981785
24.3,25,53.274931
29.2,25,53.286283
2.0,25,53.295469
26.2,25,53.30389
29.2,25,53.312664
27.6,25,53.321364
26.3,25,53.329781
28.2,25,53.338475
24.2,25,53.346721
28.2,25,53.35529
30.2,25,53.363606
31.2,25,53.372068
28.2,25,53.380268
28.3,25,53.388777
30.2,25,53.396975
28.2,25,53.405307
29.2,25,53.413773
27.2,25,53.42209
26.2,25,53.430659
29.2,25,53.439634
26.3,25,53.448339
25.6,25,53.714321
26.3,25,53.725665
26.2,25,53.734294
28.6,25,53.742648
27.6,25,53.751347
32.2,25,53.761363
28.2,25,53.770125
29.2,25,53.779048
27.2,25,53.787743
30.2,25,53.798473
25.3,25,53.80793
26.3,25,53.818173
27.2,25,53.827727
26.2,25,53.836929
28.2,25,53.845475
29.3,25,53.854158
27.2,25,53.863103
27.2,25,53.872118
26.3,25,53.8814
29.6,25,53.890127
28.6,25,54.177199
27.3,25,54.189505
30.6,25,54.200512
28.2,25,54.213345
26.6,25,54.222024
26.2,25,54.230531
29.2,25,54.239337
26.3,25,54.248348
27.2,25,54.258595
25.0,25,54.266971
27.6,25,54.275499
26.2,25,54.284395
29.3,25,54.293278
25.2,25,54.30263
29.3,25,54.31167
27.2,25,54.320343
26.2,25,54.32903
26.2,25,54.337688
29.2,25,54.346415
30.3,25,54.355816
27.2,25,54.364476
30.3,25,54.633984
30.2,25,54.64306
26.2,25,54.651767
29.2,25,54.660389
25.6,25,54.669276
27.4,25,54.678191
28.3,25,54.687113
31.2,25,54.695847
28.2,25,54.70445
28.3,25,54.713314
31.6,25,54.721869
29.2,25,54.730657
30.2,25,54.739295
29.6,25,54.748423
28.3,25,54.757666
26.2,25,54.767427
27.3,25,54.776164
28.2,25,54.784832
28.2,25,54.793552
27.6,25,54.802133
27.6,25,55.076675
29.2,25,55.087434
28.2,25,55.096102
27.2,25,55.10439
27.6,25,55.112962
27.6,25,55.122231
30.2,25,55.131389
28.6,25,55.139745
28.3,25,55.148333
27.3,25,55.157111
30.2,25,55.166682
31.2,25,55.174998
30.2,25,55.183562
28.2,25,55.19496
24.6,25,55.204546
29.2,25,55.217963
28.3,25,55.229429
30.3,25,55.239975
28.6,25,55.249246
29.2,25,55.25795
26.2,25,55.267128
29.2,25,55.550007
30.2,25,55.560548
27.6,25,55.569717
26.3,25,55.578558
27.2,25,55.587416
29.2,25,55.596262
27.2,25,55.6047
27.2,25,55.613597
28.6,25,55.622112
28.6,25,55.630688
28.2,25,55.639159
30.3,25,55.647827
30.2,25,55.656368
32.2,25,55.665029
28.3,25,55.673753
28.6,25,55.682382
24.3,25,55.691012
28.3,25,55.699721
27.6,25,55.708318
28.6,25,55.716769
28.2,25,55.979665
30.6,25,55.990343
29.2,25,55.998777
27.6,25,56.007724
23.0,25,56.016709
25.7,25,56.02691
26.0,25,56.035636
24.4,25,56.044521
26.2,25,56.053461
27.2,25,56.062159
27.6,25,56.070986
28.0,25,56.079549
29.6,25,56.088342
30.2,25,56.097118
30.2,25,56.105823
27.2,25,56.114397
24.3,25,56.123188
28.6,25,56.131828
29.6,25,56.140377
25.2,25,56.149041
28.6,25,56.157614
27.6,25,56.508614
29.6,25,56.518098
26.3,25,56.528162
29.6,25,56.537931
28.6,25,56.547046
29.2,25,56.55622
29.2,25,56.565062
27.3,25,56.573727
28.2,25,56.582341
28.3,25,56.590994
27.6,25,56.599688
26.2,25,56.608715
28.6,25,56.617469
26.3,25,56.62626
28.6,25,56.634914
27.7,25,56.643635
29.3,25,56.65229
29.2,25,56.660926
26.6,25,56.669743
21.1,25,56.678267
28.3,25,56.942226
27.2,25,56.952439
26.6,25,56.960828
29.6,25,56.969512
26.6,25,56.978275
26.2,25,56.987348
28.2,25,56.996314
27.2,25,57.005469
26.7,25,57.015146
25.0,25,57.024435
31.2,25,57.03511
21.9,25,57.043613
28.6,25,57.052401
29.2,25,57.061307
27.7,25,57.070022
29.2,25,57.079222
27.3,25,57.087806
28.6,25,57.096664
29.3,25,57.10534
30.2,25,57.114566
30.2,25,57.123179
27.2,25,57.428723
29.3,25,57.438241
27.2,25,57.448999
29.2,25,57.45772
25.3,25,57.466704
29.2,25,57.475472
25.2,25,57.484529
26.6,25,57.493684
29.3,25,57.501857
30.6,25,57.510389
28.2,25,57.519242
26.3,25,57.529222
25.3,25,57.539477
28.2,25,57.547701
30.6,25,57.556032
29.6,25,57.564301
25.2,25,57.578208
26.6,25,57.587258
30.6,25,57.595857
29.2,25,57.604473
25.7,25,57.879343
26.2,25,57.89013
29.3,25,57.899201
27.2,25,57.908143
25.3,25,57.917117
28.2,25,57.925527
29.2,25,57.936195
27.2,25,57.945047
27.2,25,57.968682
22.0,25,57.980605
27.6,25,57.988867
-6.6,25,57.997043
29.2,25,58.005268
27.2,25,58.013725
27.2,25,58.022263
26.3,25,58.031235
29.6,25,58.042464
28.2,25,58.050812
28.2,25,58.059204
28.6,25,58.067443
26.2,25,58.075781
29.2,25,58.386875
25.2,25,58.397244
27.2,25,58.406028
30.6,25,58.414843
25.6,25,58.423644
27.6,25,58.432174
31.2,25,58.440766
28.6,25,58.450809
27.3,25,58.463881
27.6,25,58.472802
26.2,25,58.481568
28.6,25,58.490163
26.2,25,58.498995
25.6,25,58.507602
29.2,25,58.516212
30.2,25,58.524863
27.3,25,58.534362
29.6,25,58.544874
31.3,25,58.554874
30.2,25,58.563502
30.2,25,58.830503
30.6,25,58.841234
27.6,25,58.849843
28.2,25,58.859085
29.6,25,58.867728
26.2,25,58.876243
26.3,25,58.885039
25.6,25,58.893732
26.2,25,58.902459
29.2,25,58.911452
27.2,25,58.920109
28.6,25,58.928761
30.2,25,58.937873
29.2,25,58.946799
28.6,25,58.95581
26.3,25,58.965961
25.6,25,58.975149
29.6,25,58.983489
30.6,25,58.991953
28.3,25,59.000529
31.2,25,59.283996
27.3,25,59.297303
25.2,25,59.30765
26.2,25,59.318752
26.6,25,59.32761
28.2,25,59.336437
26.6,25,59.344854
32.2,25,59.353521
29.2,25,59.36207
27.3,25,59.3714
26.6,25,59.379744
28.6,25,59.38824
30.6,25,59.396687
29.6,25,59.405524
29.2,25,59.414295
28.2,25,59.423122
28.2,25,59.432175
24.1,25,59.440667
30.6,25,59.449485
29.3,25,59.458069
28.6,25,59.467503
29.6,25,59.732524
26.0,25,59.742846
29.2,25,59.751981
28.2,25,59.760879
27.2,25,59.769918
28.2,25,59.778955
29.2,25,59.787583
27.2,25,59.796591
30.2,25,59.805564
29.2,25,59.815452
29.2,25,59.824118
29.6,25,59.832644
29.2,25,59.841949
26.2,25,59.850763
28.6,25,59.859484
29.6,25,59.868228
27.6,25,59.877269
27.2,25,59.885985
27.3,25,59.894811
30.2,25,59.90356
29.2,25,60.172736
27.3,25,60.183951
23.3,25,60.192661
27.6,25,60.202365
31.2,25,60.211458
31.6,25,60.221638
28.3,25,60.230464
27.2,25,60.239458
31.2,25,60.248553
30.2,25,60.260286
28.3,25,60.269204
27.2,25,60.279603
26.3,25,60.289922
29.2,25,60.299101
28.2,25,60.308321
22.1,25,60.317273
29.3,25,60.326853
32.6,25,60.335225
27.6,25,60.343557
29.2,25,60.352227
31.2,25,60.360472
30.6,25,60.633083
30.2,25,60.642922
26.2,25,60.651559
25.2,25,60.660279
27.2,25,60.668912
31.2,25,60.677872
26.6,25,60.686565
27.3,25,60.695623
26.3,25,60.704033
31.2,25,60.712765
29.2,25,60.721468
31.2,25,60.730406
29.6,25,60.739049
27.2,25,60.747808
26.3,25,60.75664
25.3,25,60.765164
27.2,25,60.773626
30.2,25,60.782124
30.2,25,60.790735
26.2,25,60.799565
29.2,25,61.065431
26.3,25,61.077464
30.6,25,61.087252
26.3,25,61.097655
28.2,25,61.107963
28.3,25,61.116625
23.1,25,61.125551
27.6,25,61.134117
30.6,25,61.142693
29.3,25,61.151003
29.2,25,61.159345
32.2,25,61.167784
32.2,25,61.176115
30.6,25,61.184472
28.6,25,61.192913
25.2,25,61.202975
28.2,25,61.212683
26.3,25,61.223808
28.2,25,61.232525
31.2,25,61.241232
26.6,25,61.250092
31.2,25,61.543482
27.6,25,61.553581
29.2,25,61.562228
27.6,25,61.57067
26.2,25,61.579646
23.0,25,61.588663
28.3,25,61.598655
27.2,25,61.607054
29.6,25,61.615423
31.6,25,61.624126
29.2,25,61.633112
25.6,25,61.641649
29.2,25,61.649991
30.6,25,61.658999
29.6,25,61.667276
30.2,25,61.67557
27.2,25,61.683813
30.2,25,61.69228
29.3,25,61.700643
28.2,25,61.709275
27.3,25,61.983259
28.2,25,61.994723
29.2,25,62.003652
26.6,25,62.012281
26.6,25,62.021259
29.2,25,62.032011
28.2,25,62.042725
29.2,25,62.05485
29.2,25,62.063721
24.3,25,62.072164
26.0,25,62.080856
28.2,25,62.09111
25.2,25,62.110616
23.3,25,62.119628
27.2,25,62.128001
31.6,25,62.139507
29.2,25,62.148355
27.3,25,62.157002
26.3,25,62.165457
28.2,25,62.173828
28.3,25,62.183503
29.2,25,62.485984
31.3,25,62.496012
25.2,25,62.504375
29.2,25,62.513147
29.6,25,62.521871
26.6,25,62.530813
28.2,25,62.540071
25.2,25,62.549076
27.2,25,62.558
29.2,25,62.566668
30.2,25,62.575353
27.6,25,62.584356
28.2,25,62.597306
26.2,25,62.609333
29.6,25,62.619576
28.6,25,62.629989
28.2,25,62.641067
30.2,25,62.651604
31.2,25,62.660869
28.2,25,62.67268
24.3,25,62.961611
30.6,25,62.973508
27.6,25,62.983798
30.2,25,62.993761
29.2,25,63.004304
29.2,25,63.014073
26.4,25,63.024524
26.3,25,63.034338
27.2,25,63.043401
28.2,25,63.054219
26.2,25,63.066114
23.3,25,63.078481
28.2,25,63.087496
28.6,25,63.097273
25.3,25,63.106799
31.6,25,63.116417
30.6,25,63.124803
27.0,25,63.133707
28.6,25,63.142224
29.6,25,63.150646
28.2,25,63.15949
28.6,25,63.456533
30.2,25,63.466659
24.3,25,63.475501
29.2,25,63.484147
27.3,25,63.492814
27.2,25,63.501579
28.3,25,63.510589
30.2,25,63.519481
25.3,25,63.528334
24.7,25,63.537191
31.2,25,63.546236
28.2,25,63.555739
28.2,25,63.564769
26.2,25,63.573988
26.6,25,63.583152
27.2,25,63.592362
29.6,25,63.605212
25.6,25,63.6172
24.3,25,63.627172
25.3,25,63.637253
28.6,25,63.939281
30.2,25,63.951384
25.2,25,63.96276
29.2,25,63.974874
31.2,25,63.985286
24.6,25,63.996155
27.2,25,64.00718
25.4,25,64.018448
25.6,25,64.029453
30.6,25,64.040154
30.6,25,64.052454
28.2,25,64.063815
24.0,25,64.073263
25.2,25,64.083217
28.2,25,64.093373
29.2,25,64.10551
26.3,25,64.118159
27.3,25,64.128748
29.2,25,64.138145
27.6,25,64.147553
29.2,25,64.156773
24.2,25,64.470972
28.3,25,64.480434
23.4,25,64.489331
29.2,25,64.497782
27.6,25,64.506625
27.3,25,64.515448
28.2,25,64.524299
28.2,25,64.533199
29.2,25,64.542236
25.0,25,64.551074
26.2,25,64.559948
26.2,25,64.569527
28.2,25,64.578242
29.2,25,64.58761
27.2,25,64.596409
25.2,25,64.606361
28.2,25,64.615881
28.2,25,64.626359
30.2,25,64.635264
27.2,25,64.644026
27.2,25,64.916223
25.2,25,64.927068
27.3,25,64.935633
29.6,25,64.944046
29.6,25,64.953146
27.2,25,64.961991
29.6,25,64.970733
24.0,25,64.979714
26.6,25,64.988345
30.6,25,64.99723
28.6,25,65.006077
27.3,25,65.014982
27.6,25,65.023556
27.2,25,65.032553
28.2,25,65.041332
28.2,25,65.04998
26.2,25,65.058893
25.3,25,65.067855
26.2,25,65.077462
32.2,25,65.086301
24.3,25,65.095221
28.2,25,65.424911
24.2,25,65.435723
26.6,25,65.447224
25.2,25,65.456919
26.6,25,65.470019
25.3,25,65.481988
26.6,25,65.490993
28.2,25,65.499681
26.2,25,65.509263
26.3,25,65.518251
27.3,25,65.527139
29.2,25,65.536506
25.2,25,65.545286
28.2,25,65.553775
24.4,25,65.562342
25.3,25,65.571184
24.6,25,65.580134
27.2,25,65.58886
28.6,25,65.598857
27.2,25,65.607949
30.2,25,65.858115
-6.6,25,65.871304
29.6,25,65.880716
27.2,25,65.891303
27.6,25,65.900147
24.3,25,65.908849
29.6,25,65.917427
28.2,25,65.926171
29.2,25,65.934708
28.6,25,65.943431
26.3,25,65.951722
25.2,25,65.960281
24.2,25,65.969155
28.2,25,65.977804
28.6,25,65.986454
23.1,25,65.994974
25.3,25,66.00409
24.9,25,66.012721
29.6,25,66.021325
26.2,25,66.029914
25.6,25,66.039242
26.3,25,66.340656
24.6,25,66.350627
28.2,25,66.359826
29.2,25,66.369401
25.4,25,66.3799
27.6,25,66.389042
27.0,25,66.399017
30.2,25,66.410237
26.3,25,66.41994
28.2,25,66.429297
27.1,25,66.438378
28.3,25,66.448462
27.3,25,66.457667
30.2,25,66.467229
24.2,25,66.47771
22.3,25,66.487872
29.6,25,66.497657
25.6,25,66.507705
26.6,25,66.517608
23.3,25,66.527874
