#{"t_start": 1771238678.271325, "env_id": null}
r,l,t
6.9,25,1.287591
-6.4,25,1.295734
12.6,25,1.304241
11.6,25,1.312946
9.0,25,1.323164
-6.0,25,1.33236
4.1,25,1.343035
-6.0,25,1.352055
4.4,25,1.360438
4.1,25,1.369387
7.3,25,1.378311
0.0,25,1.387013
5.3,25,1.395934
5.4,25,1.405362
-5.8,25,1.413948
1.9,25,1.4225
6.0,25,1.432142
4.1,25,1.440988
10.4,25,1.450435
-4.0,25,1.458806
1.8,25,1.72887
1.0,25,1.73978
9.5,25,1.749309
4.0,25,1.76004
-2.6,25,1.770673
7.3,25,1.779737
-6.4,25,1.788588
6.0,25,1.797339
0.9,25,1.806185
-6.0,25,1.814345
-5.8,25,1.822827
-6.4,25,1.830989
9.5,25,1.83947
-1.8,25,1.847697
6.8,25,1.85603
-3.6,25,1.864183
9.0,25,1.872844
13.6,25,1.881976
13.9,25,1.891474
4.1,25,1.900666
-6.4,25,2.184371
-3.0,25,2.196425
-4.0,25,2.205093
7.7,25,2.213935
3.1,25,2.222707
-5.6,25,2.231322
12.2,25,2.241241
-1.8,25,2.252364
10.3,25,2.265379
8.5,25,2.275434
10.7,25,2.284342
9.2,25,2.293295
6.6,25,2.303343
-1.4,25,2.316381
-6.4,25,2.329849
11.4,25,2.339473
7.6,25,2.348606
10.8,25,2.358051
19.4,25,2.367363
10.2,25,2.376542
12.7,25,2.385079
8.2,25,2.677114
15.4,25,2.689396
9.1,25,2.699485
-5.8,25,2.710197
10.8,25,2.720371
9.0,25,2.730937
-6.2,25,2.744289
13.1,25,2.75376
14.2,25,2.763993
10.4,25,2.773901
-6.4,25,2.782624
12.7,25,2.791796
-1.4,25,2.800717
9.5,25,2.809752
-6.4,25,2.818543
11.4,25,2.827534
7.3,25,2.836578
5.0,25,2.845273
7.6,25,2.854184
14.6,25,2.862869
12.7,25,3.146293
5.9,25,3.15752
6.6,25,3.166432
10.5,25,3.175396
12.7,25,3.185199
12.7,25,3.194255
14.2,25,3.203442
8.5,25,3.212512
4.4,25,3.221169
-1.2,25,3.229761
9.8,25,3.238524
-6.2,25,3.248211
12.3,25,3.258395
9.5,25,3.267469
9.8,25,3.276316
13.1,25,3.285594
-6.0,25,3.294708
-6.4,25,3.304898
-5.4,25,3.317921
-6.4,25,3.329545
-0.8,25,3.338279
11.4,25,3.621949
8.2,25,3.632062
5.0,25,3.641385
-4.2,25,3.650363
12.7,25,3.659803
12.3,25,3.669547
12.7,25,3.678824
9.4,25,3.688535
10.3,25,3.696853
10.7,25,3.70552
16.1,25,3.715827
-6.2,25,3.725034
9.1,25,3.733825
9.5,25,3.742537
11.3,25,3.751838
10.9,25,3.760359
10.4,25,3.768949
-6.0,25,3.77711
13.9,25,3.785738
14.5,25,3.794096
13.7,25,4.089882
-1.2,25,4.102781
12.3,25,4.11343
18.4,25,4.12709
13.8,25,4.135892
3.8,25,4.144914
7.6,25,4.154796
11.6,25,4.164894
-4.2,25,4.173725
7.2,25,4.182539
11.3,25,4.191598
13.6,25,4.199966
12.6,25,4.208567
-3.0,25,4.217927
8.5,25,4.227907
-4.0,25,4.237059
-4.2,25,4.246682
14.9,25,4.256435
10.7,25,4.266204
10.1,25,4.275074
11.6,25,4.284639
10.7,25,4.664858
14.5,25,4.67597
12.6,25,4.685225
13.9,25,4.694457
9.1,25,4.705141
12.6,25,4.714948
6.9,25,4.72437
5.9,25,4.733662
20.3,25,4.743944
16.2,25,4.753347
2.2,25,4.7642
14.9,25,4.773504
7.7,25,4.782522
7.8,25,4.791972
7.1,25,4.800657
17.7,25,4.809626
-1.0,25,4.817926
-2.2,25,4.827002
13.0,25,4.83589
-6.6,25,4.844181
10.1,25,5.152417
8.2,25,5.164076
12.6,25,5.172665
14.8,25,5.181178
21.1,25,5.189784
15.7,25,5.198557
4.2,25,5.210704
9.1,25,5.220839
-6.6,25,5.229594
9.5,25,5.239296
13.5,25,5.248728
18.1,25,5.258414
-6.6,25,5.267801
12.6,25,5.27748
-6.4,25,5.28682
13.6,25,5.29595
-6.4,25,5.306186
12.0,25,5.317873
11.6,25,5.329409
14.1,25,5.340691
13.6,25,5.350303
14.9,25,5.687006
18.9,25,5.6979
17.1,25,5.706628
16.8,25,5.716048
10.0,25,5.725286
9.5,25,5.734238
13.8,25,5.743347
12.4,25,5.75253
12.4,25,5.763238
13.1,25,5.775208
13.9,25,5.785683
14.5,25,5.795908
18.9,25,5.805227
17.7,25,5.814327
12.0,25,5.825641
15.4,25,5.838512
15.1,25,5.849547
-6.2,25,5.861604
17.1,25,5.873964
9.7,25,5.882393
-1.0,25,6.268359
18.0,25,6.280839
18.9,25,6.291301
15.3,25,6.301296
-6.4,25,6.311084
18.0,25,6.322927
-6.2,25,6.333924
20.1,25,6.345093
14.9,25,6.354598
17.6,25,6.364781
-6.2,25,6.375183
-6.4,25,6.385458
17.9,25,6.395303
21.0,25,6.405091
-6.6,25,6.413764
13.5,25,6.422991
15.2,25,6.4319
19.6,25,6.442319
16.6,25,6.451618
11.7,25,6.460409
14.6,25,6.469501
18.6,25,6.911355
10.3,25,6.921999
12.3,25,6.931281
14.6,25,6.94061
-6.6,25,6.949883
-6.6,25,6.959297
17.1,25,6.9691
14.6,25,6.977982
-1.0,25,6.987377
17.1,25,6.996647
19.2,25,7.005787
19.7,25,7.014816
14.9,25,7.024231
13.6,25,7.033142
14.6,25,7.042861
12.6,25,7.053226
-6.6,25,7.063656
22.2,25,7.072784
16.8,25,7.081257
18.1,25,7.090209
-3.2,25,7.494267
18.6,25,7.506088
-4.4,25,7.515369
16.8,25,7.524124
18.7,25,7.532963
16.8,25,7.542164
19.9,25,7.551527
20.3,25,7.560954
10.3,25,7.569907
15.4,25,7.579399
16.1,25,7.588167
18.9,25,7.597497
22.5,25,7.607256
13.5,25,7.617045
14.4,25,7.628904
20.2,25,7.638917
15.7,25,7.648427
17.8,25,7.658796
13.6,25,7.667204
15.7,25,7.67566
19.9,25,7.684027
19.8,25,8.918092
12.8,25,8.928154
18.9,25,8.93827
-6.6,25,8.947484
19.9,25,8.956811
21.2,25,8.966217
19.9,25,8.975579
-6.6,25,8.984044
20.8,25,8.995484
14.9,25,9.020334
10.4,25,9.042981
16.8,25,9.05459
15.8,25,9.063318
15.7,25,9.072024
21.2,25,9.080713
14.3,25,9.089927
-1.2,25,9.098301
17.5,25,9.106922
17.7,25,9.115518
27.3,25,9.12456
23.2,25,9.934458
15.8,25,9.95003
19.0,25,9.962829
20.9,25,9.977282
18.4,25,9.98786
22.8,25,9.997616
20.8,25,10.00855
22.2,25,10.018541
21.8,25,10.028622
16.8,25,10.038273
21.3,25,10.047748
20.2,25,10.058067
17.7,25,10.067181
23.3,25,10.076679
22.1,25,10.087293
20.2,25,10.09865
22.5,25,10.107357
24.4,25,10.116091
19.3,25,10.124748
20.8,25,10.133944
17.6,25,10.143628
14.5,25,10.486284
17.0,25,10.497204
19.9,25,10.507027
23.1,25,10.516327
13.6,25,10.527493
-6.4,25,10.537636
15.8,25,10.547468
20.2,25,10.557694
23.4,25,10.567834
20.8,25,10.577631
13.9,25,10.588935
16.8,25,10.599788
19.9,25,10.608997
14.0,25,10.617599
21.8,25,10.626152
21.2,25,10.634936
18.3,25,10.644299
19.5,25,10.653732
22.8,25,10.66484
14.8,25,10.673898
-6.4,25,11.042156
24.5,25,11.054207
18.0,25,11.063432
23.4,25,11.072863
18.6,25,11.08288
21.1,25,11.092137
19.9,25,11.100942
18.0,25,11.110848
24.1,25,11.120432
18.7,25,11.130679
18.1,25,11.1397
17.9,25,11.148918
18.1,25,11.15932
23.1,25,11.168535
22.1,25,11.177619
14.8,25,11.186935
20.9,25,11.195964
21.8,25,11.204589
23.1,25,11.21313
20.9,25,11.222155
11.2,25,11.230599
19.6,25,11.632366
16.6,25,11.644264
-6.6,25,11.656053
17.1,25,11.666607
18.0,25,11.67593
15.8,25,11.685089
20.2,25,11.694154
23.1,25,11.703223
17.7,25,11.713317
24.0,25,11.722293
17.7,25,11.731367
-6.4,25,11.740043
18.0,25,11.749589
18.0,25,11.758962
23.9,25,11.767557
22.2,25,11.776136
22.5,25,11.785402
18.6,25,11.797402
20.8,25,11.806242
15.8,25,11.815208
22.1,25,12.092727
-3.4,25,12.105284
17.4,25,12.114005
17.7,25,12.123817
21.2,25,12.133219
22.2,25,12.14256
19.0,25,12.153117
22.8,25,12.163457
-6.6,25,12.173112
22.2,25,12.187317
18.7,25,12.197905
18.0,25,12.206551
14.8,25,12.21558
20.0,25,12.224016
21.3,25,12.232729
13.1,25,12.244083
19.9,25,12.253324
-6.6,25,12.263237
21.2,25,12.272555
25.4,25,12.281156
19.0,25,12.289695
19.0,25,12.624296
26.4,25,12.6344
19.1,25,12.643156
22.2,25,12.651836
18.9,25,12.6626
16.5,25,12.680502
22.2,25,12.693898
18.7,25,12.703653
10.0,25,12.713489
21.8,25,12.722905
20.9,25,12.732205
20.3,25,12.742963
15.4,25,12.752731
18.3,25,12.761555
19.8,25,12.770298
20.9,25,12.77885
24.1,25,12.787635
21.2,25,12.796079
23.2,25,12.804888
15.0,25,12.813795
16.5,25,13.105276
26.0,25,13.116285
16.7,25,13.126077
24.1,25,13.135127
19.1,25,13.143757
15.7,25,13.152535
27.4,25,13.161213
24.5,25,13.171383
27.2,25,13.18075
17.9,25,13.189903
27.7,25,13.20515
25.1,25,13.22049
28.6,25,13.229901
26.4,25,13.238999
19.7,25,13.248108
22.2,25,13.257207
20.8,25,13.266108
24.9,25,13.275272
28.6,25,13.284356
26.3,25,13.293315
23.1,25,13.302501
23.1,25,13.626405
15.4,25,13.636201
25.1,25,13.644861
22.1,25,13.653696
28.6,25,13.662596
23.2,25,13.679479
30.6,25,13.689085
25.1,25,13.698394
23.2,25,13.707998
28.2,25,13.717405
25.3,25,13.726556
21.9,25,13.735402
18.3,25,13.744762
27.3,25,13.757112
22.8,25,13.767346
-6.6,25,13.777523
4.2,25,13.786526
22.9,25,13.795084
21.1,25,13.803936
21.2,25,13.812412
22.2,25,14.105061
5.2,25,14.115736
28.6,25,14.124535
27.2,25,14.139455
23.2,25,14.150375
16.2,25,14.160178
19.6,25,14.170232
23.1,25,14.181154
19.6,25,14.189626
22.7,25,14.198294
18.6,25,14.206539
21.8,25,14.215065
-6.6,25,14.223134
29.6,25,14.231626
20.9,25,14.240088
18.6,25,14.248491
22.1,25,14.257158
16.8,25,14.265597
16.9,25,14.274243
24.5,25,14.282789
25.0,25,14.291793
25.4,25,14.646494
24.2,25,14.655421
22.1,25,14.664574
23.1,25,14.675024
24.0,25,14.683938
24.4,25,14.693474
24.4,25,14.701819
20.0,25,14.710244
15.0,25,14.71921
17.7,25,14.730394
27.3,25,14.73967
21.2,25,14.748264
24.3,25,14.75912
24.3,25,14.767583
20.9,25,14.776109
24.3,25,14.784521
20.9,25,14.793054
25.4,25,14.801527
24.1,25,14.809841
26.1,25,14.818409
26.1,25,15.10415
21.9,25,15.114498
25.4,25,15.123611
19.8,25,15.132593
20.9,25,15.142071
25.1,25,15.151029
19.9,25,15.160079
20.0,25,15.168542
30.4,25,15.177029
22.1,25,15.187383
20.8,25,15.19609
21.8,25,15.205656
21.1,25,15.214717
27.6,25,15.223347
25.1,25,15.23175
27.6,25,15.240237
25.4,25,15.248526
23.1,25,15.260567
27.0,25,15.269437
24.8,25,15.278013
24.4,25,15.286921
20.1,25,15.728745
23.0,25,15.738754
24.7,25,15.747958
18.9,25,15.757184
21.2,25,15.766448
9.6,25,15.775561
20.9,25,15.784638
20.9,25,15.793738
25.2,25,15.802958
21.2,25,15.811555
-6.6,25,15.819799
22.5,25,15.828427
24.2,25,15.837461
20.1,25,15.85078
24.5,25,15.864339
21.2,25,15.874444
23.1,25,15.88353
26.3,25,15.892117
21.8,25,15.90113
26.3,25,15.909732
25.4,25,16.22537
23.1,25,16.236709
22.2,25,16.246305
11.8,25,16.254979
25.3,25,16.263866
21.8,25,16.273313
23.2,25,16.281843
25.4,25,16.290885
21.9,25,16.29943
28.2,25,16.308275
24.0,25,16.317258
22.2,25,16.331236
27.7,25,16.343968
21.9,25,16.354608
20.7,25,16.364209
19.0,25,16.373353
21.2,25,16.382613
26.4,25,16.392006
20.2,25,16.401319
24.0,25,16.410427
26.7,25,16.764008
25.3,25,16.775333
21.9,25,16.784959
22.8,25,16.796888
21.7,25,16.807768
23.2,25,16.818368
27.0,25,16.827722
22.8,25,16.83707
19.6,25,16.846454
22.8,25,16.855505
26.3,25,16.865165
19.0,25,16.874459
25.2,25,16.883259
25.7,25,16.891763
27.3,25,16.901257
24.7,25,16.90959
22.2,25,16.918527
24.2,25,16.927921
26.4,25,16.937441
19.9,25,16.947931
24.1,25,16.95673
27.2,25,17.264608
25.4,25,17.276566
25.1,25,17.285694
25.3,25,17.294974
24.3,25,17.304245
22.9,25,17.313565
24.1,25,17.32405
25.4,25,17.333579
21.0,25,17.343784
21.2,25,17.352681
27.0,25,17.362199
27.4,25,17.371499
22.8,25,17.380659
25.7,25,17.389405
25.9,25,17.398319
25.3,25,17.407423
23.5,25,17.416542
28.3,25,17.425651
27.3,25,17.434798
27.3,25,17.44433
26.0,25,17.763254
26.3,25,17.774948
26.0,25,17.783756
25.4,25,17.794831
25.3,25,17.806603
23.7,25,17.816941
23.1,25,17.825856
27.0,25,17.834688
24.0,25,17.843952
26.0,25,17.852875
25.0,25,17.861642
25.1,25,17.870282
26.4,25,17.87903
26.3,25,17.888005
24.4,25,17.896953
27.3,25,17.90585
27.4,25,17.914459
24.1,25,17.923013
29.2,25,17.93295
27.2,25,17.941909
26.0,25,17.951757
28.3,25,18.273548
24.4,25,18.28561
21.7,25,18.295305
22.7,25,18.304559
28.6,25,18.314195
18.9,25,18.323827
27.3,25,18.333391
21.2,25,18.34286
26.2,25,18.351755
25.1,25,18.361139
21.9,25,18.370425
25.4,25,18.379515
25.0,25,18.390623
28.3,25,18.40586
26.4,25,18.419646
25.0,25,18.429709
27.3,25,18.439912
22.7,25,18.449742
25.4,25,18.459791
26.9,25,18.468641
28.6,25,18.741274
22.1,25,18.753318
26.3,25,18.765419
27.3,25,18.776736
12.8,25,18.786349
26.4,25,18.798442
23.0,25,18.80784
27.3,25,18.816578
25.0,25,18.825283
26.4,25,18.834072
27.6,25,18.843235
20.9,25,18.851908
23.1,25,18.86073
25.1,25,18.869454
28.3,25,18.879245
24.4,25,18.888103
29.3,25,18.897038
24.0,25,18.906395
26.3,25,18.915363
22.0,25,18.924068
30.3,25,18.933599
29.2,25,19.260057
27.0,25,19.27091
21.9,25,19.279829
25.0,25,19.288291
28.3,25,19.297525
21.1,25,19.306364
-6.6,25,19.315409
23.3,25,19.330045
24.4,25,19.342872
28.2,25,19.353238
24.4,25,19.362123
28.3,25,19.370979
24.1,25,19.379686
26.3,25,19.388431
25.9,25,19.397081
24.0,25,19.405871
28.6,25,19.415048
23.0,25,19.423621
21.7,25,19.432393
24.0,25,19.441151
25.3,25,19.839526
28.3,25,19.851626
25.3,25,19.860792
21.2,25,19.870078
24.0,25,19.878851
28.2,25,19.888014
27.7,25,19.896827
27.2,25,19.905816
24.4,25,19.914488
28.6,25,19.92299
28.0,25,19.932234
24.5,25,19.942036
25.2,25,19.951154
25.9,25,19.960274
26.4,25,19.970958
19.8,25,19.979944
26.3,25,19.988879
20.9,25,19.997714
21.9,25,20.006367
25.4,25,20.015093
21.8,25,20.023664
24.1,25,20.459887
24.3,25,20.471342
27.3,25,20.4818
29.2,25,20.491191
27.2,25,20.500592
27.3,25,20.509827
24.0,25,20.518967
25.0,25,20.528103
28.6,25,20.537306
26.4,25,20.545891
28.3,25,20.55523
28.6,25,20.566793
24.2,25,20.577546
25.3,25,20.586462
25.1,25,20.595535
23.0,25,20.604252
29.2,25,20.613517
24.1,25,20.621964
23.1,25,20.632364
28.2,25,20.642037
26.3,25,20.961228
30.2,25,20.979516
25.0,25,20.989846
26.3,25,20.999406
27.3,25,21.008699
26.9,25,21.018138
27.2,25,21.028333
19.9,25,21.037601
26.3,25,21.049181
27.3,25,21.059961
29.2,25,21.07039
27.3,25,21.079481
27.3,25,21.088357
27.2,25,21.096846
29.2,25,21.105678
22.8,25,21.11399
29.3,25,21.122544
25.1,25,21.131119
21.8,25,21.142508
26.3,25,21.157839
27.2,25,21.170694
24.2,25,21.52143
22.4,25,21.534392
25.3,25,21.544892
29.3,25,21.55357
26.9,25,21.562509
24.0,25,21.571525
28.2,25,21.580122
24.4,25,21.591204
28.3,25,21.601754
30.2,25,21.610661
24.0,25,21.619674
27.2,25,21.628161
26.3,25,21.637103
26.3,25,21.64922
27.6,25,21.659577
22.7,25,21.68907
28.2,25,21.728911
28.3,25,21.756717
14.5,25,21.766427
28.2,25,21.775417
27.3,25,22.052041
25.3,25,22.062977
24.9,25,22.072341
27.3,25,22.081531
26.3,25,22.090785
23.8,25,22.099876
24.0,25,22.109129
27.3,25,22.117922
24.8,25,22.129909
27.6,25,22.140239
23.1,25,22.150455
24.4,25,22.15967
9.6,25,22.169379
25.3,25,22.177677
20.4,25,22.187452
29.6,25,22.196244
29.3,25,22.206331
24.4,25,22.216116
23.1,25,22.225831
22.1,25,22.23745
24.0,25,22.250071
28.3,25,22.67645
23.1,25,22.68746
24.1,25,22.696716
13.8,25,22.705686
26.0,25,22.714814
23.1,25,22.724037
27.2,25,22.733461
25.0,25,22.742752
29.6,25,22.753
25.0,25,22.762088
19.2,25,22.770483
29.2,25,22.77897
29.2,25,22.787556
25.4,25,22.795906
25.4,25,22.804177
27.2,25,22.813517
28.2,25,22.821902
26.3,25,22.830547
27.3,25,22.838913
23.1,25,22.847272
24.1,25,23.171603
27.6,25,23.18328
23.1,25,23.191987
22.0,25,23.200519
27.3,25,23.209137
30.2,25,23.217844
25.6,25,23.22619
27.3,25,23.234946
29.3,25,23.244259
22.1,25,23.25422
26.6,25,23.263304
29.6,25,23.272618
27.4,25,23.28228
21.0,25,23.291819
27.3,25,23.300921
27.2,25,23.310226
28.2,25,23.320951
27.3,25,23.33494
28.6,25,23.347862
27.2,25,23.361212
26.3,25,23.371403
27.3,25,25.599748
28.3,25,25.613746
28.2,25,25.630071
27.6,25,25.646905
27.3,25,25.661346
27.3,25,25.67448
26.3,25,25.689422
20.9,25,25.701478
24.0,25,25.716865
27.3,25,25.732363
24.3,25,25.745581
25.0,25,25.758578
16.8,25,25.772596
25.1,25,25.784145
29.6,25,25.794283
25.3,25,25.805118
23.1,25,25.815616
28.3,25,25.825633
24.1,25,25.836254
26.2,25,25.847033
27.3,25,26.300242
21.8,25,26.314387
25.0,25,26.327881
28.2,25,26.346062
22.7,25,26.361951
26.3,25,26.376455
29.3,25,26.38893
27.2,25,26.39993
24.4,25,26.413462
24.0,25,26.429827
27.3,25,26.44325
28.6,25,26.454417
26.3,25,26.469417
28.6,25,26.483426
26.3,25,26.496737
26.9,25,26.514905
28.3,25,26.53189
25.3,25,26.549414
27.2,25,26.564728
27.2,25,26.579341
27.0,25,26.594051
27.0,25,27.097359
27.2,25,27.112961
21.7,25,27.124846
2.0,25,27.136234
28.2,25,27.149734
27.0,25,27.163527
24.4,25,27.175599
27.3,25,27.190214
25.4,25,27.209013
21.8,25,27.220466
24.3,25,27.233396
26.3,25,27.247808
20.8,25,27.267311
28.3,25,27.282103
25.0,25,27.295245
26.0,25,27.308355
28.3,25,27.327581
28.2,25,27.343783
12.8,25,27.361929
29.2,25,27.374954
24.3,25,27.872674
30.6,25,27.886923
25.0,25,27.902053
26.4,25,27.914154
26.0,25,27.926529
30.6,25,27.94049
25.0,25,27.952393
26.4,25,27.96341
26.2,25,27.974413
26.0,25,27.986265
27.9,25,28.003932
28.3,25,28.018012
26.0,25,28.030206
25.4,25,28.043444
24.3,25,28.056483
27.3,25,28.072381
27.4,25,28.086504
27.3,25,28.108072
27.3,25,28.13426
23.1,25,28.14587
27.2,25,28.156666
25.3,25,30.121398
26.3,25,30.131343
24.6,25,30.140882
28.6,25,30.151046
29.6,25,30.161551
24.3,25,30.171113
28.3,25,30.179941
29.2,25,30.191436
28.2,25,30.202619
22.3,25,30.215799
25.2,25,30.226564
21.8,25,30.236763
26.2,25,30.245985
26.0,25,30.256214
25.3,25,30.265356
24.3,25,30.2752
26.0,25,30.287638
28.2,25,30.306565
24.3,25,30.316723
29.2,25,30.326028
27.2,25,32.349842
24.5,25,32.363522
25.0,25,32.373383
27.9,25,32.385907
23.1,25,32.395577
27.3,25,32.405013
27.2,25,32.414512
24.4,25,32.424559
29.6,25,32.434515
27.2,25,32.444609
4.2,25,32.454717
29.2,25,32.464828
2.0,25,32.474994
30.2,25,32.485171
26.3,25,32.496478
24.9,25,32.508488
25.3,25,32.52278
31.6,25,32.5336
24.0,25,32.544565
27.3,25,32.554203
26.3,25,32.564206
29.6,25,33.300502
25.3,25,33.310354
29.6,25,33.320111
29.2,25,33.33066
27.3,25,33.34004
25.2,25,33.349526
26.3,25,33.358814
25.0,25,33.368162
27.0,25,33.376648
25.0,25,33.385931
19.9,25,33.394878
25.0,25,33.405083
28.2,25,33.416826
29.2,25,33.427498
28.2,25,33.438378
22.8,25,33.449431
28.2,25,33.459285
26.6,25,33.468531
24.4,25,33.477984
23.0,25,33.486346
23.1,25,33.873594
28.2,25,33.884513
25.0,25,33.89521
28.2,25,33.905969
28.2,25,33.915194
26.2,25,33.924417
20.8,25,33.93336
25.3,25,33.943587
-3.4,25,33.953028
25.9,25,33.962383
28.2,25,33.97154
30.6,25,33.981648
29.6,25,33.99192
24.9,25,34.002577
26.3,25,34.013291
27.3,25,34.02396
25.4,25,34.034435
29.2,25,34.045208
26.4,25,34.055861
27.6,25,34.067817
27.6,25,34.079439
26.6,25,39.564077
25.3,25,39.573729
26.2,25,39.583431
27.9,25,39.593099
28.2,25,39.602513
29.2,25,39.611918
29.2,25,39.621159
29.2,25,39.630647
28.3,25,39.639184
27.3,25,39.649993
24.0,25,39.659769
30.2,25,39.668293
26.6,25,39.676881
27.7,25,39.685743
30.2,25,39.695201
25.3,25,39.70407
27.2,25,39.712512
28.2,25,39.723859
28.2,25,39.734313
25.4,25,39.744771
25.9,25,40.75868
25.9,25,40.770904
28.6,25,40.78087
23.1,25,40.79093
29.2,25,40.801021
22.1,25,40.810482
27.3,25,40.820669
27.0,25,40.830305
27.4,25,40.840089
30.2,25,40.849482
28.2,25,40.859449
28.2,25,40.870617
24.1,25,40.879584
25.3,25,40.888463
29.3,25,40.897403
26.3,25,40.906339
21.1,25,40.915024
28.3,25,40.923412
29.2,25,40.932878
26.2,25,40.943585
29.6,25,40.953164
28.2,25,41.694769
29.2,25,41.704686
26.4,25,41.714051
24.3,25,41.723523
25.3,25,41.734205
30.2,25,41.743462
28.6,25,41.752955
26.0,25,41.762296
29.3,25,41.771689
27.3,25,41.781075
28.2,25,41.790203
29.2,25,41.800134
25.0,25,41.809585
29.3,25,41.819119
26.3,25,41.828534
25.9,25,41.837579
27.3,25,41.846704
27.6,25,41.856106
29.2,25,41.865135
29.2,25,41.874426
28.0,25,42.161177
28.2,25,42.172223
29.2,25,42.183152
23.3,25,42.191584
27.0,25,42.20017
27.3,25,42.209935
27.2,25,42.219799
-3.4,25,42.228136
22.8,25,42.238614
26.9,25,42.247919
20.2,25,42.261802
27.9,25,42.272079
27.3,25,42.280746
27.2,25,42.289156
25.2,25,42.297899
27.3,25,42.306265
29.2,25,42.314965
27.3,25,42.32333
2.0,25,42.331638
28.9,25,42.340173
25.0,25,42.864515
29.2,25,42.87778
27.2,25,42.890134
29.3,25,42.901765
28.2,25,42.911994
29.2,25,42.92133
23.1,25,42.931915
25.3,25,42.942315
25.0,25,42.95323
25.9,25,42.962736
14.8,25,42.972414
27.3,25,42.983963
27.2,25,42.99647
24.3,25,43.005721
23.9,25,43.016598
25.3,25,43.025844
29.2,25,43.035485
25.3,25,43.043995
26.3,25,43.052688
26.6,25,43.061276
27.2,25,43.070658
28.2,25,43.43787
25.4,25,43.448741
23.0,25,43.457657
24.0,25,43.470859
28.2,25,43.481722
29.2,25,43.492143
25.3,25,43.501979
28.2,25,43.516664
26.3,25,43.536052
28.2,25,43.549187
23.0,25,43.561047
26.2,25,43.571098
28.2,25,43.581658
24.7,25,43.59114
28.6,25,43.602399
26.2,25,43.614315
28.2,25,43.6247
25.2,25,43.634074
16.0,25,43.643116
27.2,25,43.652438
27.3,25,43.967329
25.0,25,43.980633
26.0,25,43.99104
28.2,25,44.000646
25.9,25,44.010245
27.2,25,44.019867
26.3,25,44.029936
29.6,25,44.043153
27.6,25,44.052931
26.3,25,44.062324
25.2,25,44.072099
27.2,25,44.081705
22.8,25,44.091466
29.2,25,44.100377
27.3,25,44.111238
28.9,25,44.121946
25.1,25,44.130848
26.0,25,44.139495
25.3,25,44.149106
27.2,25,44.158228
28.2,25,44.167155
20.8,25,44.657822
25.3,25,44.668883
26.3,25,44.678095
29.2,25,44.687627
26.9,25,44.69711
27.2,25,44.706478
26.3,25,44.716495
27.2,25,44.728
25.3,25,44.740536
24.2,25,44.751796
28.2,25,44.761071
28.2,25,44.769842
25.9,25,44.778832
28.2,25,44.788686
26.3,25,44.797651
29.2,25,44.806156
27.2,25,44.814997
25.4,25,44.823645
26.4,25,44.832107
26.2,25,44.840837
23.1,25,45.351982
26.6,25,45.36433
22.1,25,45.376109
25.3,25,45.385551
24.3,25,45.433594
26.6,25,45.459866
26.0,25,45.473577
29.3,25,45.483989
28.3,25,45.494045
27.0,25,45.504032
26.9,25,45.515483
25.3,25,45.532
25.1,25,45.550768
26.3,25,45.562944
21.9,25,45.572351
26.9,25,45.582539
29.3,25,45.592086
26.4,25,45.601605
26.3,25,45.612053
28.2,25,45.622922
26.2,25,45.634294
28.3,25,45.978388
27.6,25,45.988502
27.3,25,45.997147
26.3,25,46.005953
28.3,25,46.014769
27.3,25,46.0239
26.1,25,46.033264
25.3,25,46.044047
28.2,25,46.053135
27.2,25,46.061968
31.2,25,46.070825
27.3,25,46.079485
29.2,25,46.094242
27.3,25,46.104772
27.3,25,46.114421
29.6,25,46.125148
29.2,25,46.137546
26.3,25,46.147727
29.2,25,46.157527
27.2,25,46.166904
25.3,25,46.489456
24.4,25,46.501381
27.2,25,46.510528
28.2,25,46.519293
27.2,25,46.528147
26.2,25,46.538083
28.2,25,46.549149
28.2,25,46.558271
28.2,25,46.567379
26.0,25,46.575908
25.9,25,46.588082
27.3,25,46.597985
26.3,25,46.606541
26.2,25,46.615626
25.3,25,46.624523
28.6,25,46.633065
25.9,25,46.64238
26.2,25,46.651366
28.2,25,46.660123
27.2,25,46.668937
24.3,25,46.678196
28.6,25,46.993926
19.9,25,47.003959
26.3,25,47.01248
28.2,25,47.021354
27.4,25,47.029845
27.3,25,47.039151
27.2,25,47.049863
25.3,25,47.058516
27.2,25,47.067261
27.6,25,47.075788
27.3,25,47.084347
27.2,25,47.093102
26.3,25,47.101859
26.2,25,47.110388
29.6,25,47.119126
27.2,25,47.127606
31.6,25,47.136422
26.3,25,47.144741
25.3,25,47.153044
26.6,25,47.161399
26.3,25,47.467591
27.2,25,47.480139
28.3,25,47.489926
26.6,25,47.500082
27.2,25,47.509765
24.0,25,47.519235
26.0,25,47.530188
27.2,25,47.540095
26.3,25,47.549721
26.3,25,47.563115
25.3,25,47.572097
28.6,25,47.581848
27.6,25,47.591725
25.2,25,47.599981
27.4,25,47.608285
25.6,25,47.616449
26.2,25,47.624906
24.2,25,47.633413
24.0,25,47.641977
26.7,25,47.650531
27.3,25,47.659178
29.2,25,47.953378
29.6,25,47.963021
24.1,25,47.971543
26.3,25,47.979806
24.1,25,47.989323
29.3,25,47.997938
24.1,25,48.006704
27.2,25,48.01595
27.0,25,48.024199
25.3,25,48.035962
27.2,25,48.046823
26.3,25,48.05554
26.3,25,48.066068
25.3,25,48.074583
28.2,25,48.083126
27.2,25,48.091471
25.9,25,48.100008
25.3,25,48.108228
26.3,25,48.116774
25.3,25,48.125298
27.2,25,48.427534
26.3,25,48.438795
26.3,25,48.447396
22.1,25,48.455695
25.3,25,48.464112
26.0,25,48.472591
26.3,25,48.480913
27.6,25,48.489494
23.1,25,48.49783
27.3,25,48.506779
29.2,25,48.515242
29.6,25,48.523935
29.3,25,48.532357
26.3,25,48.541418
24.1,25,48.54975
28.3,25,48.559295
29.6,25,48.568265
28.2,25,48.578226
27.4,25,48.587502
24.0,25,48.595948
27.3,25,48.604546
27.2,25,48.874211
25.3,25,48.883572
26.6,25,48.891922
26.3,25,48.900963
22.1,25,48.909312
29.3,25,48.917913
26.6,25,48.926194
27.3,25,48.935146
28.6,25,48.943381
27.6,25,48.951893
27.7,25,48.960122
27.2,25,48.968572
26.6,25,48.976977
24.2,25,48.985386
24.0,25,48.994082
25.2,25,49.002676
24.2,25,49.011244
24.0,25,49.019616
27.7,25,49.028108
28.6,25,49.036453
26.4,25,49.306406
26.3,25,49.323077
28.3,25,49.332415
26.4,25,49.343487
31.6,25,49.352461
26.2,25,49.362199
25.3,25,49.372502
21.7,25,49.381298
25.4,25,49.391977
23.4,25,49.400645
26.3,25,49.409325
24.3,25,49.417917
25.7,25,49.426666
27.3,25,49.435124
23.2,25,49.443465
25.6,25,49.452122
25.3,25,49.460522
28.6,25,49.468956
29.2,25,49.477579
27.2,25,49.486175
28.2,25,49.494818
24.2,25,49.76378
23.0,25,49.774497
27.7,25,49.783127
23.3,25,49.791581
25.3,25,49.80029
28.0,25,49.809146
28.2,25,49.818423
25.3,25,49.828024
28.2,25,49.837458
28.2,25,49.847703
23.1,25,49.856254
30.2,25,49.864783
25.3,25,49.873586
25.2,25,49.882325
27.2,25,49.890687
25.3,25,49.899244
24.3,25,49.907773
25.3,25,49.916948
25.3,25,49.925345
28.3,25,49.933511
27.9,25,50.206965
27.2,25,50.217836
26.3,25,50.226818
27.2,25,50.236262
27.2,25,50.244763
23.0,25,50.253362
29.2,25,50.2618
26.4,25,50.270231
25.2,25,50.27875
25.3,25,50.28723
27.6,25,50.295573
29.2,25,50.303946
26.3,25,50.312592
27.3,25,50.324542
28.6,25,50.334738
29.2,25,50.343192
28.2,25,50.351686
26.3,25,50.360123
26.2,25,50.371341
24.2,25,50.380676
25.6,25,50.392963
25.2,25,50.677228
29.6,25,50.686709
26.3,25,50.695091
26.2,25,50.704014
24.6,25,50.712389
27.3,25,50.721161
28.2,25,50.729786
28.6,25,50.738186
28.2,25,50.747019
28.6,25,50.75532
27.2,25,50.763776
27.3,25,50.772032
27.3,25,50.782778
26.2,25,50.791076
27.2,25,50.799467
24.2,25,50.807767
25.6,25,50.816288
25.3,25,50.825029
28.2,25,50.835011
27.2,25,50.84347
21.0,25,51.111177
27.2,25,51.121908
28.6,25,51.130471
26.2,25,51.138907
25.6,25,51.147467
26.2,25,51.156248
28.2,25,51.164906
26.2,25,51.173466
27.2,25,51.182071
27.2,25,51.19087
26.2,25,51.199378
28.2,25,51.208185
26.6,25,51.216775
27.2,25,51.225582
25.2,25,51.234062
27.6,25,51.242984
26.3,25,51.251563
22.1,25,51.260084
26.4,25,51.269169
25.0,25,51.277715
27.3,25,51.286342
28.6,25,51.62803
29.6,25,51.637956
28.4,25,51.646465
25.2,25,51.655266
27.3,25,51.664584
31.6,25,51.673484
29.2,25,51.682398
25.0,25,51.690749
28.2,25,51.700525
28.2,25,51.708991
28.2,25,51.7176
28.3,25,51.725948
26.9,25,51.735358
26.3,25,51.74424
24.0,25,51.752626
28.2,25,51.761455
26.2,25,51.770222
28.2,25,51.779147
26.3,25,51.787524
27.9,25,51.800928
29.6,25,52.154748
26.6,25,52.165976
26.2,25,52.174934
29.2,25,52.183462
29.2,25,52.192261
25.0,25,52.200832
27.3,25,52.210397
26.3,25,52.220816
28.2,25,52.234367
25.2,25,52.244067
29.2,25,52.252649
29.2,25,52.261349
29.2,25,52.270245
25.0,25,52.278906
28.2,25,52.287603
26.2,25,52.297312
30.6,25,52.306303
31.6,25,52.316267
27.3,25,52.325064
29.2,25,52.335588
27.2,25,52.346977
28.2,25,52.699842
23.8,25,52.709333
25.0,25,52.71775
28.2,25,52.726493
26.2,25,52.735092
28.4,25,52.743606
27.2,25,52.752249
30.2,25,52.761429
32.2,25,52.770546
27.2,25,52.780142
26.0,25,52.789406
27.2,25,52.798506
27.3,25,52.809448
29.6,25,52.818428
26.8,25,52.827976
27.2,25,52.83818
28.2,25,52.857275
28.2,25,52.877073
30.2,25,52.890162
19.9,25,52.89949
25.2,25,53.507544
25.3,25,53.519236
28.2,25,53.529641
28.6,25,53.540052
27.2,25,53.551427
26.0,25,53.563788
27.2,25,53.575527
30.6,25,53.590012
26.3,25,53.601632
30.2,25,53.616554
27.3,25,53.626904
26.2,25,53.637207
27.2,25,53.651536
26.2,25,53.663033
28.3,25,53.676116
26.3,25,53.685923
27.2,25,53.695331
28.2,25,53.704264
28.3,25,53.712995
29.3,25,53.721944
27.4,25,53.732316
27.3,25,54.041277
26.3,25,54.051455
27.2,25,54.060576
29.2,25,54.06981
26.6,25,54.079081
27.3,25,54.088171
28.2,25,54.098171
27.6,25,54.110231
28.2,25,54.120111
28.2,25,54.148728
26.3,25,54.177664
27.2,25,54.19564
28.3,25,54.221479
27.3,25,54.248826
29.2,25,54.278104
28.2,25,54.30893
28.6,25,54.325529
29.2,25,54.338167
27.6,25,54.34983
28.2,25,54.374146
26.2,25,55.022175
30.2,25,55.033724
28.6,25,55.073101
27.2,25,55.109422
25.3,25,55.158611
29.2,25,55.184846
28.2,25,55.198159
28.3,25,55.208378
29.2,25,55.218279
27.2,25,55.228997
29.2,25,55.247252
27.3,25,55.259701
27.2,25,55.269853
27.6,25,55.28842
29.2,25,55.298361
24.9,25,55.308662
27.6,25,55.317352
26.2,25,55.32637
30.2,25,55.335124
27.9,25,55.343992
29.6,25,55.352895
26.6,25,55.684429
30.2,25,55.727033
28.3,25,55.757726
27.6,25,55.791951
29.3,25,55.828072
28.2,25,55.865079
28.2,25,55.905089
21.9,25,55.926581
27.3,25,55.938015
28.4,25,55.951049
29.2,25,55.962143
28.2,25,55.971904
27.6,25,55.981294
24.2,25,55.990321
29.2,25,55.999929
29.2,25,56.008792
28.2,25,56.017961
25.0,25,56.026529
29.2,25,56.035012
30.6,25,56.043545
27.2,25,56.443528
26.3,25,56.454249
29.2,25,56.463793
26.3,25,56.473019
25.0,25,56.483266
28.4,25,56.492868
30.2,25,56.514159
27.3,25,56.553023
28.2,25,56.595167
28.3,25,56.605693
29.2,25,56.622774
26.2,25,56.636319
27.2,25,56.64729
28.2,25,56.658591
29.3,25,56.670518
28.2,25,56.681245
26.3,25,56.690958
24.0,25,56.70041
27.0,25,56.709759
25.3,25,56.719296
27.3,25,57.319524
26.2,25,57.332616
24.9,25,57.345572
27.3,25,57.355907
27.2,25,57.365157
30.2,25,57.375081
9.6,25,57.385591
26.0,25,57.395581
27.2,25,57.405296
29.3,25,57.414221
25.9,25,57.423215
26.6,25,57.432268
27.0,25,57.44124
27.6,25,57.450396
25.3,25,57.459295
30.2,25,57.468174
27.2,25,57.477011
29.2,25,57.486007
26.2,25,57.49628
24.0,25,57.504974
28.3,25,57.516876
29.6,25,57.789861
28.3,25,57.799895
24.0,25,57.808446
28.2,25,57.817077
28.3,25,57.825718
30.6,25,57.834368
29.6,25,57.843928
27.2,25,57.852738
31.2,25,57.861775
26.3,25,57.870755
25.0,25,57.881631
25.9,25,57.894119
27.2,25,57.904326
30.2,25,57.91322
28.2,25,57.921611
30.3,25,57.930063
28.6,25,57.938781
28.2,25,57.94746
28.2,25,57.956095
27.3,25,57.964911
27.6,25,58.230067
28.3,25,58.242304
28.3,25,58.252291
26.3,25,58.261891
28.2,25,58.272705
30.2,25,58.281983
27.2,25,58.290834
27.4,25,58.299911
26.7,25,58.308861
27.3,25,58.317881
27.2,25,58.326912
28.2,25,58.335755
26.0,25,58.344835
27.3,25,58.35381
28.6,25,58.362663
25.3,25,58.371399
27.2,25,58.381946
29.2,25,58.391825
27.2,25,58.405576
24.9,25,58.415036
26.2,25,58.424331
28.2,25,59.670872
28.2,25,59.681258
25.3,25,59.690431
26.2,25,59.699594
24.9,25,59.708926
29.2,25,59.718096
26.3,25,59.727309
28.2,25,59.73644
27.2,25,59.744846
27.2,25,59.75387
24.3,25,59.762685
24.0,25,59.772542
26.3,25,59.781198
28.2,25,59.78986
29.6,25,59.79855
26.3,25,59.807596
29.2,25,59.816477
30.2,25,59.825371
28.3,25,59.834215
27.2,25,59.843111
29.2,25,60.363549
25.3,25,60.375554
28.3,25,60.385299
26.2,25,60.395269
29.6,25,60.405638
25.6,25,60.415073
28.2,25,60.424821
28.2,25,60.433965
26.2,25,60.443356
23.4,25,60.454428
30.6,25,60.463841
27.3,25,60.473138
27.3,25,60.48215
29.2,25,60.491094
27.2,25,60.500127
28.2,25,60.509637
31.6,25,60.520512
29.2,25,60.530308
27.9,25,60.538856
31.2,25,60.547587
27.2,25,60.556173
31.2,25,60.825903
25.0,25,60.836501
26.3,25,60.845653
29.2,25,60.856266
26.2,25,60.866249
-6.6,25,60.87517
28.6,25,60.88425
27.2,25,60.892879
27.2,25,60.902014
28.2,25,60.911798
27.0,25,60.920527
28.2,25,60.928883
29.6,25,60.937308
27.2,25,60.945784
29.6,25,60.954279
28.2,25,60.966145
26.4,25,60.974431
26.3,25,60.983047
27.2,25,60.99171
28.2,25,61.000122
27.3,25,61.288805
10.6,25,61.300745
27.2,25,61.309623
27.2,25,61.318575
28.2,25,61.327382
27.2,25,61.336384
30.2,25,61.345399
23.0,25,61.355146
24.3,25,61.363758
30.6,25,61.372665
27.2,25,61.385387
25.3,25,61.395057
29.6,25,61.406337
22.2,25,61.415301
25.2,25,61.42414
28.2,25,61.432522
27.3,25,61.441181
26.3,25,61.449728
23.8,25,61.458323
29.2,25,61.466796
28.3,25,61.480283
25.9,25,61.746814
28.2,25,61.756544
29.2,25,61.765879
30.2,25,61.775391
28.3,25,61.785036
29.3,25,61.794291
29.3,25,61.803093
28.2,25,61.812184
28.3,25,61.820915
26.3,25,61.829755
27.0,25,61.837951
29.2,25,61.846817
29.2,25,61.855325
28.3,25,61.863894
28.2,25,61.872734
29.2,25,61.881362
27.3,25,61.89002
31.2,25,61.898557
27.6,25,61.907724
29.2,25,61.916257
26.2,25,62.191404
28.3,25,62.202177
27.3,25,62.210886
28.2,25,62.219478
27.3,25,62.228045
23.0,25,62.236631
27.4,25,62.245225
25.1,25,62.253619
27.2,25,62.262212
28.2,25,62.271531
25.3,25,62.280988
28.2,25,62.289486
29.6,25,62.298023
25.3,25,62.306639
28.2,25,62.315246
29.6,25,62.323584
26.3,25,62.33253
26.2,25,62.341029
25.9,25,62.349613
27.3,25,62.35819
26.3,25,62.366677
28.2,25,62.746638
24.9,25,62.756574
24.1,25,62.765613
28.2,25,62.776861
27.2,25,62.788644
28.3,25,62.798385
28.2,25,62.807594
24.9,25,62.81751
30.2,25,62.828048
28.2,25,62.837353
30.2,25,62.846143
26.4,25,62.85461
28.2,25,62.863191
26.3,25,62.872325
29.3,25,62.88201
28.2,25,62.891626
25.3,25,62.900727
26.6,25,62.910107
24.0,25,62.919893
29.2,25,62.92841
27.3,25,63.317625
27.2,25,63.329165
27.3,25,63.338294
-6.6,25,63.348122
26.2,25,63.357445
27.3,25,63.367216
27.2,25,63.376367
26.9,25,63.386145
28.2,25,63.396399
26.0,25,63.407467
24.9,25,63.416372
30.2,25,63.425841
26.0,25,63.434835
25.2,25,63.443538
26.1,25,63.452313
25.2,25,63.461222
27.2,25,63.470475
27.9,25,63.479076
27.3,25,63.487873
27.2,25,63.496354
27.2,25,63.505042
26.0,25,63.772007
28.2,25,63.782958
28.2,25,63.793717
28.2,25,63.805814
29.3,25,63.815033
24.8,25,63.824129
27.2,25,63.832894
27.4,25,63.84152
30.2,25,63.851203
26.2,25,63.860534
27.9,25,63.868897
29.2,25,63.878581
30.2,25,63.887483
-2.2,25,63.895744
30.6,25,63.904766
7.4,25,63.913307
26.0,25,63.922191
28.2,25,63.930938
31.2,25,63.939715
28.3,25,63.948661
27.0,25,64.258548
24.0,25,64.269371
30.2,25,64.278179
26.3,25,64.286918
27.3,25,64.296961
29.2,25,64.305553
30.2,25,64.314799
28.2,25,64.323553
27.3,25,64.331978
29.2,25,64.340782
25.1,25,64.349152
14.8,25,64.357683
27.3,25,64.366188
27.3,25,64.375686
30.2,25,64.385356
27.2,25,64.394119
28.2,25,64.402924
29.2,25,64.411504
29.2,25,64.420537
28.2,25,64.429017
30.2,25,64.437631
31.2,25,64.738717
28.2,25,64.748135
23.7,25,64.758132
25.1,25,64.767191
27.0,25,64.77594
28.2,25,64.78491
28.2,25,64.794482
29.2,25,64.804313
22.2,25,64.813087
29.2,25,64.822001
26.9,25,64.830849
27.2,25,64.839727
29.2,25,64.84853
28.2,25,64.858079
28.2,25,64.866492
28.2,25,64.875702
25.3,25,64.88436
29.2,25,64.892817
24.0,25,64.902526
26.2,25,64.911131
28.2,25,65.190978
27.3,25,65.201693
28.2,25,65.210268
27.3,25,65.21912
28.6,25,65.227716
27.2,25,65.236257
28.2,25,65.244848
26.2,25,65.253668
30.6,25,65.262486
30.6,25,65.271271
28.2,25,65.279978
28.2,25,65.290919
27.3,25,65.301225
28.2,25,65.311609
25.2,25,65.320113
27.2,25,65.328845
30.2,25,65.337217
29.2,25,65.345753
24.0,25,65.354265
30.2,25,65.362618
27.2,25,65.371224
26.2,25,65.664417
31.6,25,65.674321
25.2,25,65.683608
26.9,25,65.692809
27.2,25,65.70207
26.3,25,65.711438
24.0,25,65.720503
29.2,25,65.729661
30.2,25,65.738224
26.3,25,65.746921
24.1,25,65.75549
27.2,25,65.764313
4.2,25,65.77285
28.2,25,65.781468
16.0,25,65.790283
29.2,25,65.799378
29.2,25,65.811098
26.2,25,65.819928
25.9,25,65.829361
26.9,25,65.837999
27.2,25,66.125359
25.2,25,66.13605
26.2,25,66.144631
28.3,25,66.153476
28.2,25,66.162412
26.9,25,66.171442
27.3,25,66.180291
26.3,25,66.18891
26.3,25,66.19768
27.2,25,66.206422
24.0,25,66.215478
29.2,25,66.223812
27.2,25,66.23234
26.4,25,66.240819
29.3,25,66.250738
25.2,25,66.259073
28.2,25,66.267457
28.2,25,66.276078
26.2,25,66.284445
27.2,25,66.293079
28.2,25,66.302046
25.2,25,66.608417
27.2,25,66.618171
28.2,25,66.62691
28.2,25,66.635727
26.3,25,66.64468
-4.4,25,66.653263
29.2,25,66.662273
23.8,25,66.67108
30.2,25,66.680249
30.2,25,66.689225
28.2,25,66.69809
29.2,25,66.707012
27.2,25,66.715925
26.2,25,66.72462
27.3,25,66.733446
30.6,25,66.742131
28.2,25,66.751097
26.2,25,66.759885
27.2,25,66.76874
28.2,25,66.77755
28.2,25,67.047422
29.2,25,67.0592
28.2,25,67.070432
29.6,25,67.084104
31.6,25,67.092718
28.2,25,67.101641
28.2,25,67.110934
26.0,25,67.119608
29.6,25,67.128315
24.0,25,67.136911
28.2,25,67.145481
27.6,25,67.154071
27.2,25,67.162852
29.6,25,67.17138
30.6,25,67.179778
29.2,25,67.188048
27.2,25,67.196607
30.2,25,67.205178
28.2,25,67.213675
26.3,25,67.222
27.2,25,67.23037
27.2,25,67.53594
28.8,25,67.544849
27.2,25,67.553863
27.2,25,67.563473
28.2,25,67.573661
27.2,25,67.582753
26.3,25,67.591655
26.3,25,67.600455
27.2,25,67.609243
27.2,25,67.618712
28.2,25,67.627493
29.2,25,67.63616
27.2,25,67.644814
27.2,25,67.654148
24.0,25,67.662777
25.9,25,67.671418
26.4,25,67.680252
29.2,25,67.689036
31.2,25,67.697753
26.0,25,67.706402
26.9,25,67.986398
28.2,25,67.996797
31.2,25,68.006068
28.2,25,68.014546
27.3,25,68.023429
29.2,25,68.031888
28.3,25,68.040575
28.2,25,68.049073
33.6,25,68.058155
26.3,25,68.06817
27.2,25,68.076779
27.2,25,68.085551
26.0,25,68.094084
27.2,25,68.111708
28.3,25,68.121181
28.3,25,68.13002
26.9,25,68.138514
27.0,25,68.150151
29.2,25,68.158662
26.2,25,68.167052
29.2,25,68.175632
29.2,25,68.478523
28.3,25,68.487565
29.6,25,68.49637
-6.6,25,68.504682
30.2,25,68.51353
26.6,25,68.52223
26.3,25,68.530825
29.2,25,68.539362
29.2,25,68.547779
25.9,25,68.556814
28.2,25,68.566601
30.2,25,68.57656
28.3,25,68.58538
31.2,25,68.593839
29.2,25,68.602561
24.0,25,68.610968
28.2,25,68.619566
27.2,25,68.628051
30.2,25,68.637133
28.3,25,68.645942
28.2,25,68.916949
27.3,25,68.927203
31.2,25,68.935716
27.2,25,68.944186
29.2,25,68.952844
31.6,25,68.961856
26.3,25,68.970538
26.0,25,68.979211
28.2,25,68.988421
27.3,25,68.99816
29.2,25,69.007714
28.3,25,69.0164
26.3,25,69.025907
26.9,25,69.034968
26.3,25,69.043825
27.2,25,69.052735
27.3,25,69.061687
28.2,25,69.071296
28.3,25,69.080601
27.2,25,69.089601
28.2,25,69.099001
29.2,25,69.378136
27.0,25,69.386992
29.2,25,69.397208
24.0,25,69.406878
27.2,25,69.418246
27.2,25,69.428218
28.6,25,69.437682
26.9,25,69.447352
26.9,25,69.456285
26.9,25,69.464944
28.2,25,69.473979
27.2,25,69.482557
23.4,25,69.491362
30.2,25,69.499949
27.2,25,69.509011
28.2,25,69.51954
27.6,25,69.530503
28.2,25,69.539721
27.3,25,69.548077
29.2,25,69.556665
29.2,25,69.811286
28.3,25,69.823068
30.6,25,69.832523
29.2,25,69.842115
29.2,25,69.851152
28.6,25,69.859925
28.2,25,69.868743
25.3,25,69.877555
30.6,25,69.886408
29.2,25,69.89518
28.2,25,69.903838
29.2,25,69.912625
-1.2,25,69.920925
29.2,25,69.929615
27.3,25,69.938335
22.8,25,69.947196
29.2,25,69.955895
30.2,25,69.96459
29.6,25,69.973395
25.9,25,69.981932
27.0,25,70.257136
29.2,25,70.268736
29.2,25,70.277957
28.2,25,70.286515
29.2,25,70.295529
28.2,25,70.304483
29.2,25,70.313099
25.0,25,70.321903
28.3,25,70.330791
30.3,25,70.340878
26.2,25,70.349368
26.0,25,70.358115
27.2,25,70.367127
31.2,25,70.375959
30.2,25,70.384521
27.0,25,70.395408
29.2,25,70.404671
27.2,25,70.414504
29.2,25,70.423512
28.2,25,70.43238
29.2,25,70.442223
29.2,25,70.724317
25.3,25,70.734335
29.2,25,70.743256
27.3,25,70.752107
27.0,25,70.76075
25.9,25,70.769443
29.3,25,70.778237
26.3,25,70.78727
28.2,25,70.796055
29.2,25,70.804895
25.9,25,70.813483
28.9,25,70.822492
31.2,25,70.831531
29.2,25,70.841695
26.0,25,70.850327
28.3,25,70.859066
30.3,25,70.86792
29.6,25,70.876434
30.2,25,70.885166
30.2,25,70.893872
28.2,25,71.172326
29.6,25,71.183594
31.2,25,71.192622
28.2,25,71.201253
29.2,25,71.209981
27.0,25,71.218759
27.0,25,71.227527
31.2,25,71.236217
29.2,25,71.244919
29.2,25,71.253781
30.2,25,71.262536
28.3,25,71.271121
30.2,25,71.279726
28.2,25,71.288517
30.2,25,71.297259
20.2,25,71.305698
29.3,25,71.314474
30.2,25,71.323119
28.2,25,71.332088
26.9,25,71.341707
31.2,25,71.350669
29.2,25,71.650857
31.2,25,71.660831
30.2,25,71.669464
25.0,25,71.677968
29.2,25,71.686548
26.3,25,71.695092
30.2,25,71.704137
28.2,25,71.712505
29.2,25,71.721297
28.2,25,71.729831
26.3,25,71.738328
29.3,25,71.746848
26.2,25,71.755235
29.2,25,71.763869
24.8,25,71.772387
27.2,25,71.781249
30.2,25,71.789751
29.2,25,71.798832
30.2,25,71.807524
28.2,25,71.816097
29.2,25,72.070359
29.2,25,72.082857
29.2,25,72.092104
29.2,25,72.101345
27.6,25,72.111759
29.2,25,72.120548
-1.2,25,72.129102
28.2,25,72.137791
32.2,25,72.14654
27.2,25,72.155206
28.0,25,72.164573
27.3,25,72.173949
26.9,25,72.182973
30.2,25,72.191391
31.2,25,72.199882
29.2,25,72.20894
28.2,25,72.217762
31.2,25,72.226321
28.9,25,72.23517
30.2,25,72.243685
27.2,25,72.252316
27.0,25,72.548062
30.6,25,72.557832
24.7,25,72.566454
28.2,25,72.575397
28.2,25,72.584435
27.2,25,72.593882
29.2,25,72.603909
31.2,25,72.612786
28.3,25,72.621625
28.2,25,72.630501
30.2,25,72.639478
23.8,25,72.648618
28.2,25,72.657466
29.2,25,72.666228
30.2,25,72.675432
30.2,25,72.68373
27.9,25,72.694104
28.6,25,72.703272
28.2,25,72.711704
30.3,25,72.719977
29.2,25,73.00598
29.2,25,73.017244
28.3,25,73.026085
28.2,25,73.034989
29.2,25,73.044402
29.2,25,73.05454
29.2,25,73.064059
28.2,25,73.073176
25.2,25,73.082256
29.2,25,73.091108
26.9,25,73.102377
31.2,25,73.111218
30.2,25,73.11978
30.2,25,73.129517
26.9,25,73.13807
31.2,25,73.147824
29.2,25,73.156548
27.3,25,73.165063
30.2,25,73.173491
32.2,25,73.181956
27.9,25,73.191323
31.6,25,73.489583
29.2,25,73.499736
5.2,25,73.508402
29.3,25,73.517106
30.2,25,73.525763
29.2,25,73.534582
28.2,25,73.543397
29.2,25,73.55211
29.2,25,73.560868
28.2,25,73.569585
28.9,25,73.5781
27.9,25,73.58693
27.2,25,73.595868
28.9,25,73.605835
29.2,25,73.614528
30.2,25,73.623647
30.2,25,73.632299
29.2,25,73.641391
29.2,25,73.650186
29.2,25,73.659112
27.9,25,73.934417
29.2,25,73.945235
30.2,25,73.953963
29.2,25,73.96257
29.2,25,73.971434
27.0,25,73.980193
29.2,25,73.98891
28.2,25,73.997586
30.2,25,74.006198
31.2,25,74.015191
28.2,25,74.02387
28.2,25,74.032516
26.3,25,74.041489
29.2,25,74.050183
26.9,25,74.05911
29.6,25,74.067919
29.2,25,74.07672
28.3,25,74.08551
32.6,25,74.095878
29.2,25,74.10476
29.2,25,74.115861
28.2,25,74.382275
27.3,25,74.392259
29.2,25,74.404643
28.3,25,74.413705
28.2,25,74.423852
28.2,25,74.433116
27.2,25,74.442438
25.0,25,74.451897
30.2,25,74.461528
27.9,25,74.470513
9.6,25,74.479256
30.6,25,74.488115
29.2,25,74.4967
29.2,25,74.505084
28.0,25,74.513587
26.3,25,74.521935
30.2,25,74.530647
-6.6,25,74.538697
32.2,25,74.547217
29.2,25,74.555821
28.2,25,74.818714
29.2,25,74.830691
28.3,25,74.840785
8.4,25,74.849465
30.2,25,74.858339
17.0,25,74.868469
29.2,25,74.877596
27.9,25,74.887874
30.2,25,74.897843
31.2,25,74.906301
28.0,25,74.914869
29.3,25,74.92346
30.2,25,74.931959
30.2,25,74.940416
32.2,25,74.948815
28.2,25,74.957458
30.2,25,74.966061
26.0,25,74.974569
27.2,25,74.983279
31.2,25,74.991795
28.2,25,75.000388
29.2,25,75.269376
30.2,25,75.27954
29.2,25,75.288253
32.2,25,75.297076
28.3,25,75.306354
31.2,25,75.315295
27.2,25,75.324036
30.2,25,75.332774
29.9,25,75.341828
30.2,25,75.35226
27.3,25,75.363935
29.2,25,75.37254
27.9,25,75.381759
29.2,25,75.391871
29.2,25,75.4019
3.0,25,75.411128
30.2,25,75.42102
30.2,25,75.429796
29.2,25,75.438198
28.2,25,75.446895
31.2,25,75.7442
28.3,25,75.755805
30.2,25,75.765483
28.2,25,75.775033
29.2,25,75.785004
27.2,25,75.794758
29.3,25,75.803894
27.9,25,75.813315
29.2,25,75.822859
29.2,25,75.832409
26.4,25,75.842394
29.2,25,75.852034
27.2,25,75.862994
30.2,25,75.875703
30.2,25,75.88752
30.2,25,75.899109
30.2,25,75.910885
31.2,25,75.920205
29.2,25,75.931882
26.0,25,75.940433
29.2,25,75.948656
28.4,25,76.219942
31.2,25,76.229435
26.0,25,76.237974
26.2,25,76.246737
28.2,25,76.255447
29.2,25,76.264275
28.2,25,76.27308
29.2,25,76.281838
30.2,25,76.29207
28.2,25,76.300839
28.0,25,76.309494
29.2,25,76.31822
27.9,25,76.326944
28.2,25,76.335942
28.2,25,76.344655
29.2,25,76.353423
31.2,25,76.362404
32.2,25,76.372049
27.2,25,76.380774
29.2,25,76.389711
31.2,25,76.669412
29.2,25,76.680758
28.9,25,76.689259
29.2,25,76.697736
28.2,25,76.706197
27.2,25,76.714792
32.2,25,76.723294
28.2,25,76.731696
26.0,25,76.740232
29.2,25,76.748606
29.2,25,76.757173
31.2,25,76.766031
27.2,25,76.774762
29.3,25,76.783091
-6.6,25,76.791261
31.2,25,76.799492
29.2,25,76.807976
29.2,25,76.816364
30.2,25,76.82489
29.2,25,76.833252
29.2,25,76.841878
30.2,25,77.096424
27.0,25,77.105827
30.2,25,77.115334
30.2,25,77.124456
28.2,25,77.134092
30.2,25,77.143085
27.2,25,77.151845
29.3,25,77.160399
29.2,25,77.1696
30.2,25,77.178
28.2,25,77.186743
28.9,25,77.195284
24.9,25,77.203841
30.2,25,77.212416
27.2,25,77.221001
30.2,25,77.229629
28.2,25,77.238009
30.2,25,77.247324
27.2,25,77.255785
26.0,25,77.264184
